-- phpMyAdmin SQL Dump
-- version 5.2.1
-- https://www.phpmyadmin.net/
--
-- Host: 127.0.0.1
-- Generation Time: Mar 27, 2024 at 02:04 PM
-- Server version: 10.4.32-MariaDB
-- PHP Version: 8.2.12

SET SQL_MODE = "NO_AUTO_VALUE_ON_ZERO";
START TRANSACTION;
SET time_zone = "+00:00";


/*!40101 SET @OLD_CHARACTER_SET_CLIENT=@@CHARACTER_SET_CLIENT */;
/*!40101 SET @OLD_CHARACTER_SET_RESULTS=@@CHARACTER_SET_RESULTS */;
/*!40101 SET @OLD_COLLATION_CONNECTION=@@COLLATION_CONNECTION */;
/*!40101 SET NAMES utf8mb4 */;

--
-- Database: `math_house`
--

-- --------------------------------------------------------

--
-- Table structure for table `addresses`
--

CREATE TABLE `addresses` (
  `id` bigint(20) UNSIGNED NOT NULL,
  `user_id` bigint(20) UNSIGNED NOT NULL,
  `address_line_1` varchar(191) NOT NULL,
  `address_line_2` varchar(191) DEFAULT NULL,
  `city` varchar(191) NOT NULL,
  `postal_code` varchar(191) NOT NULL,
  `state` varchar(191) NOT NULL,
  `country` varchar(191) NOT NULL,
  `type` tinyint(3) UNSIGNED NOT NULL,
  `created_at` timestamp NULL DEFAULT NULL,
  `updated_at` timestamp NULL DEFAULT NULL
) ENGINE=InnoDB DEFAULT CHARSET=utf8mb4 COLLATE=utf8mb4_unicode_ci;

-- --------------------------------------------------------

--
-- Table structure for table `admin_roles`
--

CREATE TABLE `admin_roles` (
  `id` bigint(20) UNSIGNED NOT NULL,
  `user_id` bigint(20) UNSIGNED NOT NULL,
  `admin_role` enum('Marketing','Questions','Teacher','Student','Lesson') NOT NULL,
  `created_at` timestamp NULL DEFAULT NULL,
  `updated_at` timestamp NULL DEFAULT NULL
) ENGINE=InnoDB DEFAULT CHARSET=utf8mb4 COLLATE=utf8mb4_unicode_ci;

--
-- Dumping data for table `admin_roles`
--

INSERT INTO `admin_roles` (`id`, `user_id`, `admin_role`, `created_at`, `updated_at`) VALUES
(22, 8, 'Marketing', '2024-01-01 09:54:47', '2024-01-01 09:54:47'),
(23, 57, 'Questions', '2024-01-01 09:54:47', '2024-01-01 09:54:47'),
(24, 57, 'Teacher', '2024-01-01 09:54:47', '2024-01-01 09:54:47'),
(25, 57, 'Student', '2024-01-01 09:54:47', '2024-01-01 09:54:47'),
(26, 57, 'Lesson', '2024-01-01 09:54:47', '2024-01-01 09:54:47'),
(31, 44, 'Questions', '2024-01-04 06:14:37', '2024-01-04 06:14:37'),
(43, 67, 'Marketing', '2024-03-02 09:21:42', '2024-03-02 09:21:42'),
(44, 67, 'Questions', '2024-03-02 09:21:42', '2024-03-02 09:21:42'),
(45, 67, 'Teacher', '2024-03-02 09:21:42', '2024-03-02 09:21:42'),
(46, 67, 'Student', '2024-03-02 09:21:42', '2024-03-02 09:21:42'),
(47, 67, 'Lesson', '2024-03-02 09:21:42', '2024-03-02 09:21:42');

-- --------------------------------------------------------

--
-- Table structure for table `affilate`
--

CREATE TABLE `affilate` (
  `id` bigint(20) UNSIGNED NOT NULL,
  `name` varchar(255) NOT NULL,
  `phone` varchar(20) DEFAULT NULL,
  `email` varchar(255) DEFAULT NULL,
  `organization` varchar(255) DEFAULT NULL,
  `wallet` varchar(255) DEFAULT NULL,
  `created_at` date DEFAULT NULL,
  `updated_at` date DEFAULT NULL
) ENGINE=InnoDB DEFAULT CHARSET=utf8 COLLATE=utf8_general_ci;

--
-- Dumping data for table `affilate`
--

INSERT INTO `affilate` (`id`, `name`, `phone`, `email`, `organization`, `wallet`, `created_at`, `updated_at`) VALUES
(1, 'vd1', '01099475854', 'admin@gmail.com', 'fd', NULL, '2024-01-08', '2024-01-08'),
(2, 'as', '01099475854', 'admin@gmail.com', 'fd', NULL, '2024-01-24', '2024-01-24'),
(3, 'vd1', '01099475854', 'admin@gmail.com', 'fd', NULL, '2024-01-27', '2024-01-27'),
(4, 'vd1', '2222', 'mohamed_yasen@gmail.com', 'fd', NULL, '2024-02-05', '2024-02-05');

-- --------------------------------------------------------

--
-- Table structure for table `cancel_session`
--

CREATE TABLE `cancel_session` (
  `id` bigint(20) UNSIGNED NOT NULL,
  `user_id` bigint(20) UNSIGNED NOT NULL,
  `session_id` bigint(20) UNSIGNED NOT NULL,
  `statue` enum('Pendding','Approve','Rejected') NOT NULL DEFAULT 'Pendding',
  `date` date NOT NULL,
  `time` time NOT NULL,
  `created_at` date DEFAULT NULL,
  `updated_at` date DEFAULT NULL
) ENGINE=InnoDB DEFAULT CHARSET=utf8mb4 COLLATE=utf8mb4_general_ci;

--
-- Dumping data for table `cancel_session`
--

INSERT INTO `cancel_session` (`id`, `user_id`, `session_id`, `statue`, `date`, `time`, `created_at`, `updated_at`) VALUES
(1, 1, 7, 'Rejected', '2024-02-07', '27:04:32', NULL, '2024-02-03');

-- --------------------------------------------------------

--
-- Table structure for table `categories`
--

CREATE TABLE `categories` (
  `id` bigint(20) UNSIGNED NOT NULL,
  `cate_name` varchar(191) NOT NULL,
  `cate_des` varchar(191) NOT NULL,
  `cate_url` varchar(191) NOT NULL DEFAULT 'Default.jfif',
  `created_at` timestamp NULL DEFAULT NULL,
  `updated_at` timestamp NULL DEFAULT NULL,
  `teacher_id` bigint(20) UNSIGNED DEFAULT NULL
) ENGINE=InnoDB DEFAULT CHARSET=utf8mb4 COLLATE=utf8mb4_unicode_ci;

--
-- Dumping data for table `categories`
--

INSERT INTO `categories` (`id`, `cate_name`, `cate_des`, `cate_url`, `created_at`, `updated_at`, `teacher_id`) VALUES
(1, 'Category 1', 'Category One', '6362024X03X09X09X44X1532023X11X28X08X45X14pexelsXrevacXfilm\'s&photographyX205337.jpg', NULL, '2024-03-09 07:44:15', 1),
(8, 'category Three', 'category Three', '9202024X03X09X09X44X26622023X12X11X13X53X39pexelsXriccardoXbertoloX4245826.jpg', '2024-02-05 10:52:50', '2024-03-09 07:44:26', 8),
(9, 'American Doploma', 'hello', '7922024X02X19X07X46X04202301101725mvf_dark_logo.png', '2024-02-19 05:46:04', '2024-02-19 05:46:04', 8);

-- --------------------------------------------------------

--
-- Table structure for table `chapters`
--

CREATE TABLE `chapters` (
  `id` bigint(20) UNSIGNED NOT NULL,
  `chapter_name` varchar(191) NOT NULL,
  `course_id` bigint(20) UNSIGNED NOT NULL,
  `ch_des` varchar(255) NOT NULL,
  `ch_url` varchar(255) NOT NULL DEFAULT 'Default.jfif',
  `pre_requisition` text DEFAULT NULL,
  `gain` text DEFAULT NULL,
  `teacher_id` bigint(20) UNSIGNED DEFAULT NULL,
  `created_at` datetime DEFAULT NULL,
  `updated_at` datetime DEFAULT NULL
) ENGINE=InnoDB DEFAULT CHARSET=utf8mb4 COLLATE=utf8mb4_unicode_ci;

--
-- Dumping data for table `chapters`
--

INSERT INTO `chapters` (`id`, `chapter_name`, `course_id`, `ch_des`, `ch_url`, `pre_requisition`, `gain`, `teacher_id`, `created_at`, `updated_at`) VALUES
(4, 'Chapter 1', 1, 'Chapter One', 'Default.jfif', 'to', 'what', 1, NULL, '2024-01-30 10:00:54'),
(5, 'Chapter 22', 1, 'errw', 'Default.jfif', 'hfgh', 'h', 5, '2024-01-03 00:34:57', '2024-01-03 00:34:57'),
(6, 'Chapter 228', 1, 'errw', '20230826085456153827_2318787155110616_6392255175880343552_n.jpg', 'jfdgh', 'o', 5, '2024-01-03 00:35:50', '2024-01-24 10:11:46'),
(15, 'Chapter 99', 1, 'ghfg', '', 'jhv', 'jih', 5, '2024-01-30 13:49:37', '2024-01-30 13:49:37'),
(16, 'Chapter 1', 2, '0', 'Default.jfif', NULL, NULL, 7, NULL, NULL),
(18, 'Chapter 22', 2, 'sda', '2582024X03X27X12X20X462024X02X19X07X47X0129202301101725mvf_dark_logo.png', 'fdsf', 'dsf', 7, '2024-03-27 12:20:46', '2024-03-27 12:20:46');

-- --------------------------------------------------------

--
-- Table structure for table `chapter_prices`
--

CREATE TABLE `chapter_prices` (
  `id` bigint(20) UNSIGNED NOT NULL,
  `duration` varchar(20) NOT NULL,
  `price` float NOT NULL,
  `discount` float NOT NULL,
  `chapter_id` bigint(20) UNSIGNED DEFAULT NULL,
  `created_at` date DEFAULT NULL,
  `updated_at` date DEFAULT NULL
) ENGINE=InnoDB DEFAULT CHARSET=utf8 COLLATE=utf8_general_ci;

--
-- Dumping data for table `chapter_prices`
--

INSERT INTO `chapter_prices` (`id`, `duration`, `price`, `discount`, `chapter_id`, `created_at`, `updated_at`) VALUES
(3, '33', 255, 2, 5, '2024-01-04', '2024-01-04'),
(5, '50', 225, 22, 6, '2024-01-24', '2024-01-24'),
(7, '22', 25, 11, 6, '2024-01-30', '2024-01-30'),
(9, '11', 50, 77, 5, '2024-01-30', '2024-01-30'),
(10, '33', 23, 231, NULL, '2024-01-30', '2024-01-30'),
(11, '11', 236, 77, NULL, '2024-01-30', '2024-01-30'),
(12, '11', 33, 33, NULL, '2024-01-30', '2024-01-30'),
(13, '33', 12, 11, 16, '2024-01-30', '2024-01-30'),
(20, '35', 100, 32, 4, '2024-01-30', '2024-01-30'),
(21, '13', 43, 12, 4, '2024-01-30', '2024-01-30'),
(22, '2', 23, 15, 15, '2024-01-30', '2024-01-30'),
(24, '22', 23, 231, 18, '2024-03-27', '2024-03-27');

-- --------------------------------------------------------

--
-- Table structure for table `cities`
--

CREATE TABLE `cities` (
  `id` bigint(20) UNSIGNED NOT NULL,
  `city` varchar(255) NOT NULL,
  `country_id` bigint(20) UNSIGNED DEFAULT NULL,
  `created_at` date DEFAULT NULL,
  `updated_at` date DEFAULT NULL
) ENGINE=InnoDB DEFAULT CHARSET=utf8 COLLATE=utf8_general_ci;

-- --------------------------------------------------------

--
-- Table structure for table `commissions`
--

CREATE TABLE `commissions` (
  `id` bigint(20) UNSIGNED NOT NULL,
  `name` varchar(255) NOT NULL,
  `precentage` float NOT NULL,
  `state` tinyint(1) NOT NULL DEFAULT 1,
  `created_at` date DEFAULT NULL,
  `updated_at` date DEFAULT NULL
) ENGINE=InnoDB DEFAULT CHARSET=utf8 COLLATE=utf8_general_ci;

--
-- Dumping data for table `commissions`
--

INSERT INTO `commissions` (`id`, `name`, `precentage`, `state`, `created_at`, `updated_at`) VALUES
(1, 'Course', 5, 0, NULL, '2024-02-05'),
(2, 'Chapter', 10, 1, NULL, '2024-01-30'),
(3, 'Exams', 10, 1, NULL, NULL),
(4, 'Questions', 5, 1, NULL, NULL),
(5, 'Live Session', 5, 1, NULL, NULL);

-- --------------------------------------------------------

--
-- Table structure for table `confirm_sign`
--

CREATE TABLE `confirm_sign` (
  `id` bigint(20) UNSIGNED NOT NULL,
  `email` varchar(255) NOT NULL,
  `code` varchar(20) NOT NULL,
  `created_at` date DEFAULT NULL,
  `updated_at` date DEFAULT NULL
) ENGINE=InnoDB DEFAULT CHARSET=utf8 COLLATE=utf8_general_ci;

--
-- Dumping data for table `confirm_sign`
--

INSERT INTO `confirm_sign` (`id`, `email`, `code`, `created_at`, `updated_at`) VALUES
(1, 'ahmedahmadahmid73@gmail.com', '1873', '2023-12-31', '2023-12-31'),
(2, 'ziadm57@yahoo.com', '1756', '2023-12-31', '2023-12-31'),
(3, 'ziadm0176@gmail.com', '5567', '2023-12-31', '2023-12-31'),
(4, 'admin@gmail.com', '6618', '2024-01-03', '2024-01-03'),
(5, 'admin@gmail.com', '3021', '2024-01-03', '2024-01-03'),
(6, 'admin@gmail.com', '6842', '2024-01-03', '2024-01-03'),
(7, 'admin2312@gmail.com', '9858', '2024-01-03', '2024-01-03'),
(8, 'karimelfakey84@gmail.com', '9349', '2024-01-04', '2024-01-04'),
(9, 'karimelfakey84@gmail.com', '5987', '2024-01-04', '2024-01-04'),
(10, 'karimelfakey84@gmail.com', '9299', '2024-01-04', '2024-01-04'),
(11, 'sdfs@gmail.com', '1039', '2024-01-04', '2024-01-04'),
(12, 'sdfs@gmail.com', '3273', '2024-01-04', '2024-01-04'),
(13, 'sdfs@gmail.com', '2720', '2024-01-04', '2024-01-04'),
(14, 'sdfs@gmail.com', '7016', '2024-01-04', '2024-01-04');

-- --------------------------------------------------------

--
-- Table structure for table `contact`
--

CREATE TABLE `contact` (
  `id` bigint(20) UNSIGNED NOT NULL,
  `name` varchar(255) DEFAULT NULL,
  `email` varchar(255) DEFAULT NULL,
  `subject` varchar(255) DEFAULT NULL,
  `message` text DEFAULT NULL,
  `created_at` date DEFAULT NULL,
  `updated_at` date DEFAULT NULL
) ENGINE=InnoDB DEFAULT CHARSET=utf8mb4 COLLATE=utf8mb4_general_ci;

--
-- Dumping data for table `contact`
--

INSERT INTO `contact` (`id`, `name`, `email`, `subject`, `message`, `created_at`, `updated_at`) VALUES
(1, 'mohamed yasen', 'admin@gmail.com', 'Hello', 'My Msg', '2024-01-20', '2024-01-20');

-- --------------------------------------------------------

--
-- Table structure for table `countries`
--

CREATE TABLE `countries` (
  `id` bigint(20) UNSIGNED NOT NULL,
  `name` varchar(255) NOT NULL,
  `created_at` datetime NOT NULL DEFAULT current_timestamp(),
  `updated_at` datetime NOT NULL DEFAULT current_timestamp()
) ENGINE=InnoDB DEFAULT CHARSET=latin1 COLLATE=latin1_swedish_ci;

--
-- Dumping data for table `countries`
--

INSERT INTO `countries` (`id`, `name`, `created_at`, `updated_at`) VALUES
(10, 'Afghanistan', '2023-05-02 04:20:41', '2023-05-02 04:20:41'),
(11, 'Albania', '2023-05-02 04:20:54', '2023-05-02 04:20:54'),
(12, 'Algeria', '2023-05-02 04:21:05', '2023-05-02 04:21:05'),
(13, 'Andorra', '2023-05-02 04:21:18', '2023-05-02 04:21:18'),
(14, 'Angola', '2023-05-02 04:21:32', '2023-05-02 04:21:32'),
(15, 'Antigua and Barbuda', '2023-05-02 04:21:47', '2023-05-02 04:21:47'),
(16, 'Argentina', '2023-05-02 04:24:32', '2023-05-02 04:24:32'),
(17, 'Armenia', '2023-05-02 04:24:48', '2023-05-02 04:24:48'),
(18, 'Australia', '2023-05-02 04:24:59', '2023-05-02 04:24:59'),
(19, 'Austria', '2023-05-02 04:25:10', '2023-05-02 04:25:10'),
(20, 'Azerbaijan', '2023-05-02 04:25:21', '2023-05-02 04:25:21'),
(21, 'Bahamas', '2023-05-02 04:25:33', '2023-05-02 04:25:33'),
(22, 'Bahrain', '2023-05-02 04:25:43', '2023-05-02 04:25:43'),
(23, 'Bangladesh', '2023-05-02 04:25:53', '2023-05-02 04:25:53'),
(24, 'Barbados', '2023-05-02 04:27:02', '2023-05-02 04:27:02'),
(25, 'Belarus', '2023-05-02 04:27:27', '2023-05-02 04:27:27'),
(26, 'Belgium', '2023-05-02 04:28:46', '2023-05-02 04:28:46'),
(27, 'Belize', '2023-05-02 04:28:57', '2023-05-02 04:28:57'),
(28, 'Benin', '2023-05-02 04:32:12', '2023-05-02 04:32:12'),
(29, 'Bhutan', '2023-05-02 04:32:45', '2023-05-02 04:32:45'),
(30, 'Bolivia', '2023-05-02 04:32:59', '2023-05-02 04:32:59'),
(31, 'Bosnia and Herzegovina', '2023-05-02 04:33:17', '2023-05-02 04:33:17'),
(32, 'Botswana', '2023-05-02 04:33:31', '2023-05-02 04:33:31'),
(33, 'Brazil', '2023-05-02 04:45:12', '2023-05-02 04:45:12'),
(34, 'Brunei', '2023-05-02 04:45:41', '2023-05-02 04:45:41'),
(35, 'Bulgaria', '2023-05-02 04:52:29', '2023-05-02 04:52:29'),
(36, 'Burkina Faso', '2023-05-02 04:53:34', '2023-05-02 04:53:34'),
(37, 'Burundi', '2023-05-02 04:53:53', '2023-05-02 04:53:53'),
(38, 'Côte d\'Ivoire', '2023-05-02 04:54:04', '2023-05-02 04:54:04'),
(39, 'Cabo Verde', '2023-05-02 04:54:15', '2023-05-02 04:54:15'),
(40, 'Cambodia', '2023-05-02 04:57:48', '2023-05-02 04:57:48'),
(41, 'Cameroon', '2023-05-02 04:57:58', '2023-05-02 04:57:58'),
(42, 'Canada', '2023-05-02 04:58:09', '2023-05-02 04:58:09'),
(43, 'Central African Republic', '2023-05-02 04:58:21', '2023-05-02 04:58:21'),
(44, 'Chad', '2023-05-02 05:00:10', '2023-05-02 05:00:10'),
(45, 'Chile', '2023-05-02 05:00:22', '2023-05-02 05:00:22'),
(46, 'China', '2023-05-02 05:00:34', '2023-05-02 05:00:34'),
(47, 'Colombia', '2023-05-02 05:00:44', '2023-05-02 05:00:44'),
(48, 'Comoros', '2023-05-02 05:01:00', '2023-05-02 05:01:00'),
(49, 'Congo (Congo-Brazzaville)', '2023-05-02 05:01:16', '2023-05-02 05:01:16'),
(50, 'Costa Rica', '2023-05-02 05:01:27', '2023-05-02 05:01:27'),
(51, 'Croatia', '2023-05-02 05:01:39', '2023-05-02 05:01:39'),
(52, 'Cuba', '2023-05-02 05:01:50', '2023-05-02 05:01:50'),
(53, 'Cyprus', '2023-05-02 05:02:01', '2023-05-02 05:02:01'),
(54, 'Czechia (Czech Republic)', '2023-05-02 05:02:21', '2023-05-02 05:02:21'),
(55, 'Democratic Republic of the Congo', '2023-05-02 05:02:38', '2023-05-02 05:02:38'),
(56, 'Denmark', '2023-05-02 05:02:50', '2023-05-02 05:02:50'),
(57, 'Djibouti', '2023-05-02 05:03:06', '2023-05-02 05:03:06'),
(58, 'Dominica', '2023-05-02 05:03:17', '2023-05-02 05:03:17'),
(59, 'Dominican Republic', '2023-05-02 05:03:29', '2023-05-02 05:03:29'),
(60, 'Ecuador', '2023-05-02 05:03:40', '2023-05-02 05:03:40'),
(61, 'Egypt', '2023-05-02 05:03:50', '2023-05-02 05:03:50'),
(62, 'El Salvador', '2023-05-02 05:04:18', '2023-05-02 05:04:18'),
(63, 'Equatorial Guinea', '2023-05-02 05:04:28', '2023-05-02 05:04:28'),
(64, 'Eritrea', '2023-05-02 05:04:39', '2023-05-02 05:04:39'),
(65, 'Estonia', '2023-05-02 05:04:49', '2023-05-02 05:04:49'),
(66, 'Eswatini (fmr. \"Swaziland\")', '2023-05-02 05:05:02', '2023-05-02 05:05:02'),
(67, 'Ethiopia', '2023-05-02 05:05:12', '2023-05-02 05:05:12'),
(68, 'Fiji', '2023-05-02 05:05:23', '2023-05-02 05:05:23'),
(69, 'Finland', '2023-05-02 05:05:32', '2023-05-02 05:05:32'),
(70, 'France', '2023-05-02 05:05:42', '2023-05-02 05:05:42'),
(71, 'Gabon', '2023-05-02 05:05:54', '2023-05-02 05:05:54'),
(72, 'Gambia', '2023-05-02 05:06:08', '2023-05-02 05:06:08'),
(73, 'Georgia', '2023-05-02 05:06:36', '2023-05-02 05:06:36'),
(74, 'Germany', '2023-05-02 05:06:46', '2023-05-02 05:06:46'),
(75, 'Ghana', '2023-05-02 05:06:58', '2023-05-02 05:06:58'),
(76, 'Greece', '2023-05-02 05:07:07', '2023-05-02 05:07:07'),
(77, 'Grenada', '2023-05-02 05:07:21', '2023-05-02 05:07:21'),
(78, 'Guatemala', '2023-05-02 05:07:34', '2023-05-02 05:07:34'),
(79, 'Guinea', '2023-05-02 05:07:43', '2023-05-02 05:07:43'),
(80, 'Guinea-Bissau', '2023-05-02 05:07:53', '2023-05-02 05:07:53'),
(81, 'Guyana', '2023-05-02 05:08:02', '2023-05-02 05:08:02'),
(82, 'Haiti', '2023-05-02 05:08:14', '2023-05-02 05:08:14'),
(83, 'Holy See', '2023-05-02 05:08:25', '2023-05-02 05:08:25'),
(84, 'Honduras', '2023-05-02 05:08:45', '2023-05-02 05:08:45'),
(85, 'Hungary', '2023-05-02 05:08:57', '2023-05-02 05:08:57'),
(86, 'Iceland', '2023-05-02 05:09:09', '2023-05-02 05:09:09'),
(87, 'India', '2023-05-02 05:09:20', '2023-05-02 05:09:20'),
(88, 'Indonesia', '2023-05-02 05:10:10', '2023-05-02 05:10:10'),
(89, 'Iran', '2023-05-02 05:10:23', '2023-05-02 05:10:23'),
(90, 'Iraq', '2023-05-02 05:10:34', '2023-05-02 05:10:34'),
(91, 'Ireland', '2023-05-02 05:10:44', '2023-05-02 05:10:44'),
(92, 'Italy', '2023-05-02 05:11:03', '2023-05-02 05:11:03'),
(93, 'Jamaica', '2023-05-02 05:11:17', '2023-05-02 05:11:17'),
(94, 'Japan', '2023-05-02 05:11:31', '2023-05-02 05:11:31'),
(95, 'Jordan', '2023-05-02 05:11:47', '2023-05-02 05:11:47'),
(96, 'Kazakhstan', '2023-05-02 05:11:59', '2023-05-02 05:11:59'),
(97, 'Kenya', '2023-05-02 05:12:09', '2023-05-02 05:12:09'),
(98, 'Kiribati', '2023-05-02 05:12:19', '2023-05-02 05:12:19'),
(99, 'Kuwait', '2023-05-02 05:12:54', '2023-05-02 05:12:54'),
(100, 'Kyrgyzstan', '2023-05-02 05:13:26', '2023-05-02 05:13:26'),
(101, 'Laos', '2023-05-02 05:13:37', '2023-05-02 05:13:37'),
(102, 'Latvia', '2023-05-02 05:13:46', '2023-05-02 05:13:46'),
(103, 'Lebanon', '2023-05-02 05:14:50', '2023-05-02 05:14:50'),
(104, 'Lesotho', '2023-05-02 05:15:22', '2023-05-02 05:15:22'),
(105, 'Liberia', '2023-05-02 05:15:34', '2023-05-02 05:15:34'),
(106, 'Libya', '2023-05-02 05:15:48', '2023-05-02 05:15:48'),
(107, 'Libya', '2023-05-02 05:15:48', '2023-05-02 05:15:48'),
(108, 'Liechtenstein', '2023-05-02 05:17:24', '2023-05-02 05:17:24'),
(109, 'Lithuania', '2023-05-02 05:17:45', '2023-05-02 05:17:45'),
(110, 'Luxembourg', '2023-05-02 06:31:48', '2023-05-02 06:31:48'),
(111, 'Madagascar', '2023-05-02 06:42:28', '2023-05-02 06:42:28'),
(112, 'Malawi', '2023-05-02 06:42:46', '2023-05-02 06:42:46'),
(113, 'Malaysia', '2023-05-02 06:43:49', '2023-05-02 06:43:49'),
(114, 'Maldives', '2023-05-02 06:44:17', '2023-05-02 06:44:17'),
(115, 'Malta', '2023-05-02 09:41:04', '2023-05-02 09:41:04'),
(116, 'Marshall Islands', '2023-05-02 09:41:15', '2023-05-02 09:41:15'),
(117, 'Mauritania', '2023-05-02 09:41:27', '2023-05-02 09:41:27'),
(118, 'Mauritius', '2023-05-02 09:41:54', '2023-05-02 09:41:54'),
(119, 'Mexico', '2023-05-02 09:42:05', '2023-05-02 09:42:05'),
(120, 'Micronesia', '2023-05-02 09:43:01', '2023-05-02 09:43:01'),
(121, 'Moldova', '2023-05-02 09:43:11', '2023-05-02 09:43:11'),
(122, 'Monaco', '2023-05-02 09:43:23', '2023-05-02 09:43:23'),
(123, 'Mongolia', '2023-05-02 09:43:35', '2023-05-02 09:43:35'),
(124, 'Montenegro', '2023-05-02 09:43:44', '2023-05-02 09:43:44'),
(125, 'Morocco', '2023-05-02 09:43:54', '2023-05-02 09:43:54'),
(126, 'Mozambique', '2023-05-02 09:44:04', '2023-05-02 09:44:04'),
(127, 'Myanmar (formerly Burma)', '2023-05-02 09:44:15', '2023-05-02 09:44:15'),
(128, 'Namibia', '2023-05-02 09:45:21', '2023-05-02 09:45:21'),
(129, 'Nauru', '2023-05-02 09:45:32', '2023-05-02 09:45:32'),
(130, 'Nepal', '2023-05-02 09:47:31', '2023-05-02 09:47:31'),
(131, 'Nepal', '2023-05-02 09:48:06', '2023-05-02 09:48:06'),
(132, 'Netherlands', '2023-05-02 09:48:20', '2023-05-02 09:48:20'),
(133, 'New Zealand', '2023-05-02 09:48:30', '2023-05-02 09:48:30'),
(134, 'Nicaragua', '2023-05-02 09:48:40', '2023-05-02 09:48:40'),
(135, 'Niger', '2023-05-02 09:48:50', '2023-05-02 09:48:50'),
(136, 'Nigeria', '2023-05-02 09:49:01', '2023-05-02 09:49:01'),
(137, 'North Korea', '2023-05-02 09:49:22', '2023-05-02 09:49:22'),
(138, 'North Macedonia', '2023-05-02 09:49:32', '2023-05-02 09:49:32'),
(139, 'Norway', '2023-05-02 09:49:46', '2023-05-02 09:49:46'),
(140, 'Oman', '2023-05-02 09:49:57', '2023-05-02 09:49:57'),
(141, 'Pakistan', '2023-05-02 09:50:07', '2023-05-02 09:50:07'),
(142, 'Palau', '2023-05-02 09:50:21', '2023-05-02 09:50:21'),
(143, 'Palestine State', '2023-05-02 09:51:02', '2023-05-02 09:51:02'),
(144, 'Panama', '2023-05-02 09:51:13', '2023-05-02 09:51:13'),
(145, 'Papua New Guinea', '2023-05-02 09:51:28', '2023-05-02 09:51:28'),
(146, 'Paraguay', '2023-05-02 09:52:02', '2023-05-02 09:52:02'),
(147, 'Peru', '2023-05-02 09:52:14', '2023-05-02 09:52:14'),
(148, 'Philippines', '2023-05-02 09:52:23', '2023-05-02 09:52:23'),
(149, 'Poland', '2023-05-02 09:52:35', '2023-05-02 09:52:35'),
(150, 'Portugal', '2023-05-02 09:52:47', '2023-05-02 09:52:47'),
(151, 'Qatar', '2023-05-02 09:52:58', '2023-05-02 09:52:58'),
(152, 'Romania', '2023-05-02 09:53:07', '2023-05-02 09:53:07'),
(153, 'Russia', '2023-05-02 09:53:17', '2023-05-02 09:53:17'),
(154, 'Rwanda', '2023-05-02 09:53:26', '2023-05-02 09:53:26'),
(155, 'Saint Kitts and Nevis', '2023-05-02 09:53:35', '2023-05-02 09:53:35'),
(156, 'Saint Lucia', '2023-05-02 09:53:43', '2023-05-02 09:53:43'),
(157, 'Saint Vincent and the Grenadines', '2023-05-02 09:53:57', '2023-05-02 09:53:57'),
(158, 'Samoa', '2023-05-02 09:54:06', '2023-05-02 09:54:06'),
(159, 'San Marino', '2023-05-02 09:54:15', '2023-05-02 09:54:15'),
(160, 'Sao Tome and Principe', '2023-05-02 09:54:25', '2023-05-02 09:54:25'),
(161, 'Saudi Arabia', '2023-05-02 09:54:36', '2023-05-02 09:54:36'),
(162, 'Senegal', '2023-05-02 09:54:46', '2023-05-02 09:54:46'),
(163, 'Serbia', '2023-05-02 09:54:56', '2023-05-02 09:54:56'),
(164, 'Seychelles', '2023-05-02 09:55:07', '2023-05-02 09:55:07'),
(165, 'Sierra Leone', '2023-05-02 09:55:17', '2023-05-02 09:55:17'),
(166, 'Singapore', '2023-05-02 09:55:25', '2023-05-02 09:55:25'),
(167, 'Slovakia', '2023-05-02 09:55:50', '2023-05-02 09:55:50'),
(168, 'Slovenia', '2023-05-02 09:56:10', '2023-05-02 09:56:10'),
(169, 'Solomon Islands', '2023-05-02 09:56:28', '2023-05-02 09:56:28'),
(170, 'Somalia', '2023-05-02 09:56:39', '2023-05-02 09:56:39'),
(171, 'South Africa', '2023-05-02 09:56:50', '2023-05-02 09:56:50'),
(172, 'South Korea', '2023-05-02 09:59:19', '2023-05-02 09:59:19'),
(173, 'South Sudan', '2023-05-02 09:59:28', '2023-05-02 09:59:28'),
(174, 'Spain', '2023-05-02 09:59:38', '2023-05-02 09:59:38'),
(175, 'Sri Lanka', '2023-05-02 09:59:49', '2023-05-02 09:59:49'),
(176, 'Sudan', '2023-05-02 09:59:59', '2023-05-02 09:59:59'),
(177, 'Suriname', '2023-05-02 10:00:09', '2023-05-02 10:00:09'),
(178, 'Sweden', '2023-05-02 10:00:19', '2023-05-02 10:00:19'),
(179, 'Switzerland', '2023-05-03 03:38:16', '2023-05-03 03:38:16'),
(180, 'Switzerland', '2023-05-03 03:38:17', '2023-05-03 03:38:17'),
(181, 'Syria', '2023-05-03 03:38:27', '2023-05-03 03:38:27'),
(182, 'Tajikistan', '2023-05-03 03:39:25', '2023-05-03 03:39:25'),
(183, 'Tanzania', '2023-05-03 03:39:36', '2023-05-03 03:39:36'),
(184, 'Thailand', '2023-05-03 03:39:46', '2023-05-03 03:39:46'),
(185, 'Timor-Leste', '2023-05-03 03:39:59', '2023-05-03 03:39:59'),
(186, 'Togo', '2023-05-03 03:40:10', '2023-05-03 03:40:10'),
(187, 'Tonga', '2023-05-03 03:40:21', '2023-05-03 03:40:21'),
(188, 'Trinidad and Tobago', '2023-05-03 03:40:33', '2023-05-03 03:40:33'),
(189, 'Tunisia', '2023-05-03 03:40:45', '2023-05-03 03:40:45'),
(190, 'Turkey', '2023-05-03 03:41:57', '2023-05-03 03:41:57'),
(191, 'Turkmenistan', '2023-05-03 03:42:08', '2023-05-03 03:42:08'),
(192, 'Tuvalu', '2023-05-03 03:42:20', '2023-05-03 03:42:20'),
(193, 'Uganda', '2023-05-03 03:42:30', '2023-05-03 03:42:30'),
(194, 'Ukraine', '2023-05-03 03:42:40', '2023-05-03 03:42:40'),
(195, 'United Arab Emirates', '2023-05-03 03:42:54', '2023-05-03 03:42:54'),
(196, 'United Kingdom', '2023-05-03 03:43:19', '2023-05-03 03:43:19'),
(197, 'United States of America', '2023-05-03 03:43:35', '2023-05-03 03:43:35'),
(198, 'Uruguay', '2023-05-03 03:43:47', '2023-05-03 03:43:47'),
(199, 'Uzbekistan', '2023-05-03 03:45:03', '2023-05-03 03:45:03'),
(200, 'Vanuatu', '2023-05-03 03:45:18', '2023-05-03 03:45:18'),
(201, 'Venezuela', '2023-05-03 03:45:31', '2023-05-03 03:45:31'),
(202, 'Vietnam', '2023-05-03 03:45:39', '2023-05-03 03:45:39'),
(203, 'Yemen', '2023-05-03 03:45:51', '2023-05-03 03:45:51'),
(204, 'Zambia', '2023-05-03 03:46:01', '2023-05-03 03:46:01'),
(205, 'Zimbabwe', '2023-05-03 03:46:17', '2023-05-03 03:46:17');

-- --------------------------------------------------------

--
-- Table structure for table `courses`
--

CREATE TABLE `courses` (
  `id` bigint(20) UNSIGNED NOT NULL,
  `course_name` varchar(191) NOT NULL,
  `category_id` bigint(20) UNSIGNED NOT NULL,
  `course_des` varchar(191) NOT NULL,
  `course_url` varchar(191) NOT NULL DEFAULT 'Default.jfif',
  `pre_requisition` text DEFAULT NULL,
  `gain` text DEFAULT NULL,
  `created_at` timestamp NULL DEFAULT NULL,
  `updated_at` timestamp NULL DEFAULT NULL,
  `teacher_id` bigint(20) UNSIGNED DEFAULT NULL,
  `user_id` bigint(20) UNSIGNED DEFAULT NULL
) ENGINE=InnoDB DEFAULT CHARSET=utf8mb4 COLLATE=utf8mb4_unicode_ci;

--
-- Dumping data for table `courses`
--

INSERT INTO `courses` (`id`, `course_name`, `category_id`, `course_des`, `course_url`, `pre_requisition`, `gain`, `created_at`, `updated_at`, `teacher_id`, `user_id`) VALUES
(1, 'Course 1', 1, 'Course One', 'Default.jfif', 'sd', 'sad', NULL, '2024-02-05 10:53:34', 1, 1),
(2, 'Course 2', 1, 'Course Two', 'Default.jfif', 'weq', 'tr', NULL, NULL, 1, 1),
(4, 'SAT', 1, 'hello', '2024X01X01X12X08X23612220231001083656153827_2318787155110616_6392255175880343552_n.jpg', 'Grid 10', 'hello', '2024-01-01 10:08:23', '2024-01-01 10:08:23', 1, NULL),
(6, 'erwe', 1, 'asd', '2024X01X24X11X14X1187535.jpg', 'das', 'asd', '2024-01-24 09:14:11', '2024-01-24 09:14:53', 1, NULL),
(9, 'dddddd', 1, 'ddddd', '2024X01X28X10X16X1464223.png', 'sdsdsd', 'sdsdd', '2024-01-28 08:16:14', '2024-01-28 08:16:14', 1, NULL),
(10, 'Course Eleven', 1, 'Course Eleven', '2024X02X05X12X54X4940013.jpg', 'asd', 'asd', '2024-02-05 10:54:49', '2024-02-05 10:54:49', 10, NULL),
(12, 'IS', 9, 'hello', '2024X02X19X07X47X0129202301101725mvf_dark_logo.png', 'dfg', 'fgg', '2024-02-19 05:47:01', '2024-02-19 06:05:42', 10, NULL),
(13, 'course 21', 1, 'sad', '2024X03X27X12X32X3648672024X02X19X07X46X506890202301101725mvf_dark_logo.png', 'df', 'sd', '2024-03-27 10:32:36', '2024-03-27 10:32:36', 1, NULL),
(14, 'Course 13', 1, 'sxas', 'Default.jfif', 'sad', 'asdsda', '2024-03-27 10:37:06', '2024-03-27 10:37:06', 1, NULL);

-- --------------------------------------------------------

--
-- Table structure for table `course_prices`
--

CREATE TABLE `course_prices` (
  `id` bigint(20) UNSIGNED NOT NULL,
  `course_id` bigint(20) UNSIGNED NOT NULL,
  `duration` int(11) NOT NULL,
  `price` float NOT NULL,
  `discount` float NOT NULL,
  `created_at` date DEFAULT NULL,
  `updated_at` date DEFAULT NULL
) ENGINE=InnoDB DEFAULT CHARSET=utf8mb4 COLLATE=utf8mb4_general_ci;

--
-- Dumping data for table `course_prices`
--

INSERT INTO `course_prices` (`id`, `course_id`, `duration`, `price`, `discount`, `created_at`, `updated_at`) VALUES
(17, 9, 1, 100, 10, '2024-01-28', '2024-01-28'),
(20, 1, 5, 500, 5, '2024-02-05', '2024-02-05'),
(21, 1, 4, 400, 3, '2024-02-05', '2024-02-05'),
(22, 10, 1, 23, 22, '2024-02-05', '2024-02-05'),
(23, 10, 1, 100, 1, '2024-02-05', '2024-02-05'),
(27, 12, 1, 23, 22, '2024-02-19', '2024-02-19'),
(28, 2, 30, 600, 5, NULL, NULL),
(29, 13, 11, 21, 12, '2024-03-27', '2024-03-27'),
(30, 14, 12, 23, 12, '2024-03-27', '2024-03-27');

-- --------------------------------------------------------

--
-- Table structure for table `dai_exam_mistakes`
--

CREATE TABLE `dai_exam_mistakes` (
  `id` bigint(20) UNSIGNED NOT NULL,
  `student_exam_id` bigint(20) UNSIGNED NOT NULL,
  `question_id` bigint(20) UNSIGNED NOT NULL,
  `created_at` date DEFAULT NULL,
  `updated_at` date DEFAULT NULL
) ENGINE=InnoDB DEFAULT CHARSET=utf8mb4 COLLATE=utf8mb4_general_ci;

--
-- Dumping data for table `dai_exam_mistakes`
--

INSERT INTO `dai_exam_mistakes` (`id`, `student_exam_id`, `question_id`, `created_at`, `updated_at`) VALUES
(2, 2, 18, '2024-03-03', '2024-03-03'),
(3, 2, 18, '2024-03-03', '2024-03-03'),
(4, 2, 18, '2024-03-03', '2024-03-03'),
(5, 2, 18, '2024-03-03', '2024-03-03'),
(6, 2, 18, '2024-03-03', '2024-03-03'),
(7, 2, 18, '2024-03-03', '2024-03-03'),
(8, 2, 18, '2024-03-03', '2024-03-03'),
(9, 2, 19, '2024-03-03', '2024-03-03'),
(10, 2, 19, '2024-03-03', '2024-03-03'),
(11, 2, 19, '2024-03-03', '2024-03-03'),
(12, 2, 19, '2024-03-03', '2024-03-03'),
(13, 2, 19, '2024-03-03', '2024-03-03'),
(14, 2, 19, '2024-03-03', '2024-03-03'),
(15, 2, 19, '2024-03-03', '2024-03-03'),
(16, 3, 18, '2024-03-03', '2024-03-03'),
(17, 3, 18, '2024-03-03', '2024-03-03'),
(18, 3, 18, '2024-03-03', '2024-03-03'),
(19, 3, 18, '2024-03-03', '2024-03-03'),
(20, 3, 18, '2024-03-03', '2024-03-03'),
(21, 3, 18, '2024-03-03', '2024-03-03'),
(22, 3, 18, '2024-03-03', '2024-03-03'),
(23, 3, 19, '2024-03-03', '2024-03-03'),
(24, 3, 19, '2024-03-03', '2024-03-03'),
(25, 3, 19, '2024-03-03', '2024-03-03'),
(26, 3, 19, '2024-03-03', '2024-03-03'),
(27, 3, 19, '2024-03-03', '2024-03-03'),
(28, 3, 19, '2024-03-03', '2024-03-03'),
(29, 3, 19, '2024-03-03', '2024-03-03'),
(30, 4, 18, '2024-03-03', '2024-03-03'),
(31, 4, 18, '2024-03-03', '2024-03-03'),
(32, 4, 18, '2024-03-03', '2024-03-03'),
(33, 4, 18, '2024-03-03', '2024-03-03'),
(34, 4, 18, '2024-03-03', '2024-03-03'),
(35, 4, 18, '2024-03-03', '2024-03-03'),
(36, 4, 18, '2024-03-03', '2024-03-03'),
(37, 4, 19, '2024-03-03', '2024-03-03'),
(38, 4, 19, '2024-03-03', '2024-03-03'),
(39, 4, 19, '2024-03-03', '2024-03-03'),
(40, 4, 19, '2024-03-03', '2024-03-03'),
(41, 4, 19, '2024-03-03', '2024-03-03'),
(42, 4, 19, '2024-03-03', '2024-03-03'),
(43, 4, 19, '2024-03-03', '2024-03-03'),
(44, 5, 18, '2024-03-03', '2024-03-03'),
(45, 5, 18, '2024-03-03', '2024-03-03'),
(46, 5, 18, '2024-03-03', '2024-03-03'),
(47, 5, 18, '2024-03-03', '2024-03-03'),
(48, 5, 18, '2024-03-03', '2024-03-03'),
(49, 5, 18, '2024-03-03', '2024-03-03'),
(50, 5, 18, '2024-03-03', '2024-03-03'),
(51, 5, 19, '2024-03-03', '2024-03-03'),
(52, 5, 19, '2024-03-03', '2024-03-03'),
(53, 5, 19, '2024-03-03', '2024-03-03'),
(54, 5, 19, '2024-03-03', '2024-03-03'),
(55, 5, 19, '2024-03-03', '2024-03-03'),
(56, 5, 19, '2024-03-03', '2024-03-03'),
(57, 5, 19, '2024-03-03', '2024-03-03'),
(58, 6, 18, '2024-03-03', '2024-03-03'),
(59, 6, 18, '2024-03-03', '2024-03-03'),
(60, 6, 18, '2024-03-03', '2024-03-03'),
(61, 6, 18, '2024-03-03', '2024-03-03'),
(62, 6, 18, '2024-03-03', '2024-03-03'),
(63, 6, 18, '2024-03-03', '2024-03-03'),
(64, 6, 18, '2024-03-03', '2024-03-03'),
(65, 6, 19, '2024-03-03', '2024-03-03'),
(66, 6, 19, '2024-03-03', '2024-03-03'),
(67, 6, 19, '2024-03-03', '2024-03-03'),
(68, 6, 19, '2024-03-03', '2024-03-03'),
(69, 6, 19, '2024-03-03', '2024-03-03'),
(70, 6, 19, '2024-03-03', '2024-03-03'),
(71, 6, 19, '2024-03-03', '2024-03-03'),
(72, 7, 18, '2024-03-03', '2024-03-03'),
(73, 7, 18, '2024-03-03', '2024-03-03'),
(74, 7, 18, '2024-03-03', '2024-03-03'),
(75, 7, 18, '2024-03-03', '2024-03-03'),
(76, 7, 18, '2024-03-03', '2024-03-03'),
(77, 7, 18, '2024-03-03', '2024-03-03'),
(78, 7, 18, '2024-03-03', '2024-03-03'),
(79, 7, 19, '2024-03-03', '2024-03-03'),
(80, 7, 19, '2024-03-03', '2024-03-03'),
(81, 7, 19, '2024-03-03', '2024-03-03'),
(82, 7, 19, '2024-03-03', '2024-03-03'),
(83, 7, 19, '2024-03-03', '2024-03-03'),
(84, 7, 19, '2024-03-03', '2024-03-03'),
(85, 7, 19, '2024-03-03', '2024-03-03'),
(86, 8, 18, '2024-03-03', '2024-03-03'),
(87, 8, 18, '2024-03-03', '2024-03-03'),
(88, 8, 18, '2024-03-03', '2024-03-03'),
(89, 8, 18, '2024-03-03', '2024-03-03'),
(90, 8, 18, '2024-03-03', '2024-03-03'),
(91, 8, 18, '2024-03-03', '2024-03-03'),
(92, 8, 18, '2024-03-03', '2024-03-03'),
(93, 8, 19, '2024-03-03', '2024-03-03'),
(94, 8, 19, '2024-03-03', '2024-03-03'),
(95, 8, 19, '2024-03-03', '2024-03-03'),
(96, 8, 19, '2024-03-03', '2024-03-03'),
(97, 8, 19, '2024-03-03', '2024-03-03'),
(98, 8, 19, '2024-03-03', '2024-03-03'),
(99, 8, 19, '2024-03-03', '2024-03-03'),
(100, 9, 18, '2024-03-03', '2024-03-03'),
(101, 9, 18, '2024-03-03', '2024-03-03'),
(102, 9, 18, '2024-03-03', '2024-03-03'),
(103, 9, 18, '2024-03-03', '2024-03-03'),
(104, 9, 18, '2024-03-03', '2024-03-03'),
(105, 9, 18, '2024-03-03', '2024-03-03'),
(106, 9, 18, '2024-03-03', '2024-03-03'),
(107, 9, 19, '2024-03-03', '2024-03-03'),
(108, 9, 19, '2024-03-03', '2024-03-03'),
(109, 9, 19, '2024-03-03', '2024-03-03'),
(110, 9, 19, '2024-03-03', '2024-03-03'),
(111, 9, 19, '2024-03-03', '2024-03-03'),
(112, 9, 19, '2024-03-03', '2024-03-03'),
(113, 9, 19, '2024-03-03', '2024-03-03'),
(114, 10, 18, '2024-03-03', '2024-03-03'),
(115, 10, 18, '2024-03-03', '2024-03-03'),
(116, 10, 18, '2024-03-03', '2024-03-03'),
(117, 10, 18, '2024-03-03', '2024-03-03'),
(118, 10, 18, '2024-03-03', '2024-03-03'),
(119, 10, 18, '2024-03-03', '2024-03-03'),
(120, 10, 18, '2024-03-03', '2024-03-03'),
(121, 10, 19, '2024-03-03', '2024-03-03'),
(122, 10, 19, '2024-03-03', '2024-03-03'),
(123, 10, 19, '2024-03-03', '2024-03-03'),
(124, 10, 19, '2024-03-03', '2024-03-03'),
(125, 10, 19, '2024-03-03', '2024-03-03'),
(126, 10, 19, '2024-03-03', '2024-03-03'),
(127, 10, 19, '2024-03-03', '2024-03-03'),
(128, 11, 18, '2024-03-03', '2024-03-03'),
(129, 11, 18, '2024-03-03', '2024-03-03'),
(130, 11, 18, '2024-03-03', '2024-03-03'),
(131, 11, 18, '2024-03-03', '2024-03-03'),
(132, 11, 18, '2024-03-03', '2024-03-03'),
(133, 11, 18, '2024-03-03', '2024-03-03'),
(134, 11, 18, '2024-03-03', '2024-03-03'),
(135, 11, 19, '2024-03-03', '2024-03-03'),
(136, 11, 19, '2024-03-03', '2024-03-03'),
(137, 11, 19, '2024-03-03', '2024-03-03'),
(138, 11, 19, '2024-03-03', '2024-03-03'),
(139, 11, 19, '2024-03-03', '2024-03-03'),
(140, 11, 19, '2024-03-03', '2024-03-03'),
(141, 11, 19, '2024-03-03', '2024-03-03'),
(142, 12, 18, '2024-03-03', '2024-03-03'),
(143, 12, 18, '2024-03-03', '2024-03-03'),
(144, 12, 18, '2024-03-03', '2024-03-03'),
(145, 12, 18, '2024-03-03', '2024-03-03'),
(146, 12, 18, '2024-03-03', '2024-03-03'),
(147, 12, 18, '2024-03-03', '2024-03-03'),
(148, 12, 18, '2024-03-03', '2024-03-03'),
(149, 12, 19, '2024-03-03', '2024-03-03'),
(150, 12, 19, '2024-03-03', '2024-03-03'),
(151, 12, 19, '2024-03-03', '2024-03-03'),
(152, 12, 19, '2024-03-03', '2024-03-03'),
(153, 12, 19, '2024-03-03', '2024-03-03'),
(154, 12, 19, '2024-03-03', '2024-03-03'),
(155, 12, 19, '2024-03-03', '2024-03-03'),
(156, 13, 18, '2024-03-03', '2024-03-03'),
(157, 13, 18, '2024-03-03', '2024-03-03'),
(158, 13, 18, '2024-03-03', '2024-03-03'),
(159, 13, 18, '2024-03-03', '2024-03-03'),
(160, 13, 18, '2024-03-03', '2024-03-03'),
(161, 13, 18, '2024-03-03', '2024-03-03'),
(162, 13, 18, '2024-03-03', '2024-03-03'),
(163, 13, 19, '2024-03-03', '2024-03-03'),
(164, 13, 19, '2024-03-03', '2024-03-03'),
(165, 13, 19, '2024-03-03', '2024-03-03'),
(166, 13, 19, '2024-03-03', '2024-03-03'),
(167, 13, 19, '2024-03-03', '2024-03-03'),
(168, 13, 19, '2024-03-03', '2024-03-03'),
(169, 13, 19, '2024-03-03', '2024-03-03'),
(170, 14, 18, '2024-03-03', '2024-03-03'),
(171, 14, 18, '2024-03-03', '2024-03-03'),
(172, 14, 18, '2024-03-03', '2024-03-03'),
(173, 14, 18, '2024-03-03', '2024-03-03'),
(174, 14, 18, '2024-03-03', '2024-03-03'),
(175, 14, 18, '2024-03-03', '2024-03-03'),
(176, 14, 18, '2024-03-03', '2024-03-03'),
(177, 14, 19, '2024-03-03', '2024-03-03'),
(178, 14, 19, '2024-03-03', '2024-03-03'),
(179, 14, 19, '2024-03-03', '2024-03-03'),
(180, 14, 19, '2024-03-03', '2024-03-03'),
(181, 14, 19, '2024-03-03', '2024-03-03'),
(182, 14, 19, '2024-03-03', '2024-03-03'),
(183, 14, 19, '2024-03-03', '2024-03-03'),
(184, 15, 18, '2024-03-03', '2024-03-03'),
(185, 15, 18, '2024-03-03', '2024-03-03'),
(186, 15, 18, '2024-03-03', '2024-03-03'),
(187, 15, 18, '2024-03-03', '2024-03-03'),
(188, 15, 18, '2024-03-03', '2024-03-03'),
(189, 15, 18, '2024-03-03', '2024-03-03'),
(190, 15, 18, '2024-03-03', '2024-03-03'),
(191, 15, 19, '2024-03-03', '2024-03-03'),
(192, 15, 19, '2024-03-03', '2024-03-03'),
(193, 15, 19, '2024-03-03', '2024-03-03'),
(194, 15, 19, '2024-03-03', '2024-03-03'),
(195, 15, 19, '2024-03-03', '2024-03-03'),
(196, 15, 19, '2024-03-03', '2024-03-03'),
(197, 15, 19, '2024-03-03', '2024-03-03'),
(198, 16, 18, '2024-03-03', '2024-03-03'),
(199, 16, 18, '2024-03-03', '2024-03-03'),
(200, 16, 18, '2024-03-03', '2024-03-03'),
(201, 16, 18, '2024-03-03', '2024-03-03'),
(202, 16, 18, '2024-03-03', '2024-03-03'),
(203, 16, 18, '2024-03-03', '2024-03-03'),
(204, 16, 18, '2024-03-03', '2024-03-03'),
(205, 16, 19, '2024-03-03', '2024-03-03'),
(206, 16, 19, '2024-03-03', '2024-03-03'),
(207, 16, 19, '2024-03-03', '2024-03-03'),
(208, 16, 19, '2024-03-03', '2024-03-03'),
(209, 16, 19, '2024-03-03', '2024-03-03'),
(210, 16, 19, '2024-03-03', '2024-03-03'),
(211, 16, 19, '2024-03-03', '2024-03-03'),
(212, 17, 18, '2024-03-03', '2024-03-03'),
(213, 17, 18, '2024-03-03', '2024-03-03'),
(214, 17, 18, '2024-03-03', '2024-03-03'),
(215, 17, 18, '2024-03-03', '2024-03-03'),
(216, 17, 18, '2024-03-03', '2024-03-03'),
(217, 17, 18, '2024-03-03', '2024-03-03'),
(218, 17, 18, '2024-03-03', '2024-03-03'),
(219, 17, 19, '2024-03-03', '2024-03-03'),
(220, 17, 19, '2024-03-03', '2024-03-03'),
(221, 17, 19, '2024-03-03', '2024-03-03'),
(222, 17, 19, '2024-03-03', '2024-03-03'),
(223, 17, 19, '2024-03-03', '2024-03-03'),
(224, 17, 19, '2024-03-03', '2024-03-03'),
(225, 17, 19, '2024-03-03', '2024-03-03'),
(226, 18, 19, '2024-03-04', '2024-03-04'),
(227, 18, 19, '2024-03-04', '2024-03-04'),
(228, 18, 19, '2024-03-04', '2024-03-04'),
(229, 18, 19, '2024-03-04', '2024-03-04'),
(230, 18, 19, '2024-03-04', '2024-03-04'),
(231, 18, 19, '2024-03-04', '2024-03-04'),
(232, 18, 19, '2024-03-04', '2024-03-04'),
(233, 18, 19, '2024-03-04', '2024-03-04'),
(234, 18, 20, '2024-03-04', '2024-03-04'),
(235, 18, 20, '2024-03-04', '2024-03-04'),
(236, 18, 20, '2024-03-04', '2024-03-04'),
(237, 18, 20, '2024-03-04', '2024-03-04'),
(238, 18, 20, '2024-03-04', '2024-03-04'),
(239, 19, 19, '2024-03-04', '2024-03-04'),
(240, 19, 19, '2024-03-04', '2024-03-04'),
(241, 19, 19, '2024-03-04', '2024-03-04'),
(242, 19, 19, '2024-03-04', '2024-03-04'),
(243, 19, 19, '2024-03-04', '2024-03-04'),
(244, 19, 19, '2024-03-04', '2024-03-04'),
(245, 19, 19, '2024-03-04', '2024-03-04'),
(246, 19, 19, '2024-03-04', '2024-03-04'),
(247, 19, 20, '2024-03-04', '2024-03-04'),
(248, 19, 20, '2024-03-04', '2024-03-04'),
(249, 19, 20, '2024-03-04', '2024-03-04'),
(250, 19, 20, '2024-03-04', '2024-03-04'),
(251, 19, 20, '2024-03-04', '2024-03-04'),
(252, 20, 19, '2024-03-04', '2024-03-04'),
(253, 20, 19, '2024-03-04', '2024-03-04'),
(254, 20, 19, '2024-03-04', '2024-03-04'),
(255, 20, 19, '2024-03-04', '2024-03-04'),
(256, 20, 19, '2024-03-04', '2024-03-04'),
(257, 20, 19, '2024-03-04', '2024-03-04'),
(258, 20, 19, '2024-03-04', '2024-03-04'),
(259, 20, 19, '2024-03-04', '2024-03-04'),
(260, 20, 20, '2024-03-04', '2024-03-04'),
(261, 20, 20, '2024-03-04', '2024-03-04'),
(262, 20, 20, '2024-03-04', '2024-03-04'),
(263, 20, 20, '2024-03-04', '2024-03-04'),
(264, 20, 20, '2024-03-04', '2024-03-04'),
(265, 21, 19, '2024-03-04', '2024-03-04'),
(266, 21, 19, '2024-03-04', '2024-03-04'),
(267, 21, 19, '2024-03-04', '2024-03-04'),
(268, 21, 19, '2024-03-04', '2024-03-04'),
(269, 21, 19, '2024-03-04', '2024-03-04'),
(270, 21, 19, '2024-03-04', '2024-03-04'),
(271, 21, 19, '2024-03-04', '2024-03-04'),
(272, 21, 19, '2024-03-04', '2024-03-04'),
(273, 21, 20, '2024-03-04', '2024-03-04'),
(274, 21, 20, '2024-03-04', '2024-03-04'),
(275, 21, 20, '2024-03-04', '2024-03-04'),
(276, 21, 20, '2024-03-04', '2024-03-04'),
(277, 21, 20, '2024-03-04', '2024-03-04'),
(278, 22, 19, '2024-03-04', '2024-03-04'),
(279, 22, 19, '2024-03-04', '2024-03-04'),
(280, 22, 19, '2024-03-04', '2024-03-04'),
(281, 22, 19, '2024-03-04', '2024-03-04'),
(282, 22, 19, '2024-03-04', '2024-03-04'),
(283, 22, 19, '2024-03-04', '2024-03-04'),
(284, 22, 19, '2024-03-04', '2024-03-04'),
(285, 22, 19, '2024-03-04', '2024-03-04'),
(286, 22, 20, '2024-03-04', '2024-03-04'),
(287, 22, 20, '2024-03-04', '2024-03-04'),
(288, 22, 20, '2024-03-04', '2024-03-04'),
(289, 22, 20, '2024-03-04', '2024-03-04'),
(290, 22, 20, '2024-03-04', '2024-03-04'),
(291, 23, 18, '2024-03-04', '2024-03-04'),
(292, 23, 18, '2024-03-04', '2024-03-04'),
(293, 23, 18, '2024-03-04', '2024-03-04'),
(294, 23, 18, '2024-03-04', '2024-03-04'),
(295, 23, 18, '2024-03-04', '2024-03-04'),
(296, 23, 1, '2024-03-04', '2024-03-04'),
(297, 23, 1, '2024-03-04', '2024-03-04'),
(298, 23, 1, '2024-03-04', '2024-03-04'),
(299, 23, 1, '2024-03-04', '2024-03-04'),
(300, 23, 1, '2024-03-04', '2024-03-04'),
(301, 24, 18, '2024-03-04', '2024-03-04'),
(302, 24, 18, '2024-03-04', '2024-03-04'),
(303, 24, 18, '2024-03-04', '2024-03-04'),
(304, 24, 18, '2024-03-04', '2024-03-04'),
(305, 24, 18, '2024-03-04', '2024-03-04'),
(306, 24, 1, '2024-03-04', '2024-03-04'),
(307, 24, 1, '2024-03-04', '2024-03-04'),
(308, 24, 1, '2024-03-04', '2024-03-04'),
(309, 24, 1, '2024-03-04', '2024-03-04'),
(310, 24, 1, '2024-03-04', '2024-03-04'),
(311, 25, 19, '2024-03-04', '2024-03-04'),
(312, 25, 19, '2024-03-04', '2024-03-04'),
(313, 25, 19, '2024-03-04', '2024-03-04'),
(314, 25, 19, '2024-03-04', '2024-03-04'),
(315, 25, 19, '2024-03-04', '2024-03-04'),
(316, 25, 18, '2024-03-04', '2024-03-04'),
(317, 25, 18, '2024-03-04', '2024-03-04'),
(318, 25, 18, '2024-03-04', '2024-03-04'),
(319, 25, 18, '2024-03-04', '2024-03-04'),
(320, 25, 20, '2024-03-04', '2024-03-04'),
(321, 25, 20, '2024-03-04', '2024-03-04'),
(322, 26, 19, '2024-03-04', '2024-03-04'),
(323, 26, 19, '2024-03-04', '2024-03-04'),
(324, 26, 19, '2024-03-04', '2024-03-04'),
(325, 26, 19, '2024-03-04', '2024-03-04'),
(326, 26, 19, '2024-03-04', '2024-03-04'),
(327, 26, 18, '2024-03-04', '2024-03-04'),
(328, 26, 18, '2024-03-04', '2024-03-04'),
(329, 26, 18, '2024-03-04', '2024-03-04'),
(330, 26, 18, '2024-03-04', '2024-03-04'),
(331, 26, 20, '2024-03-04', '2024-03-04'),
(332, 26, 20, '2024-03-04', '2024-03-04'),
(333, 27, 19, '2024-03-04', '2024-03-04'),
(334, 27, 19, '2024-03-04', '2024-03-04'),
(335, 27, 19, '2024-03-04', '2024-03-04'),
(336, 27, 19, '2024-03-04', '2024-03-04'),
(337, 27, 19, '2024-03-04', '2024-03-04'),
(338, 27, 18, '2024-03-04', '2024-03-04'),
(339, 27, 18, '2024-03-04', '2024-03-04'),
(340, 27, 18, '2024-03-04', '2024-03-04'),
(341, 27, 18, '2024-03-04', '2024-03-04'),
(342, 27, 20, '2024-03-04', '2024-03-04'),
(343, 27, 20, '2024-03-04', '2024-03-04'),
(344, 28, 19, '2024-03-04', '2024-03-04'),
(345, 28, 19, '2024-03-04', '2024-03-04'),
(346, 28, 19, '2024-03-04', '2024-03-04'),
(347, 28, 19, '2024-03-04', '2024-03-04'),
(348, 28, 19, '2024-03-04', '2024-03-04'),
(349, 28, 18, '2024-03-04', '2024-03-04'),
(350, 28, 18, '2024-03-04', '2024-03-04'),
(351, 28, 18, '2024-03-04', '2024-03-04'),
(352, 28, 18, '2024-03-04', '2024-03-04'),
(353, 28, 20, '2024-03-04', '2024-03-04'),
(354, 28, 20, '2024-03-04', '2024-03-04'),
(355, 29, 19, '2024-03-04', '2024-03-04'),
(356, 29, 19, '2024-03-04', '2024-03-04'),
(357, 29, 19, '2024-03-04', '2024-03-04'),
(358, 29, 19, '2024-03-04', '2024-03-04'),
(359, 29, 19, '2024-03-04', '2024-03-04'),
(360, 29, 19, '2024-03-04', '2024-03-04'),
(361, 29, 19, '2024-03-04', '2024-03-04'),
(362, 29, 19, '2024-03-04', '2024-03-04'),
(363, 29, 20, '2024-03-04', '2024-03-04'),
(364, 29, 20, '2024-03-04', '2024-03-04'),
(365, 29, 20, '2024-03-04', '2024-03-04'),
(366, 29, 20, '2024-03-04', '2024-03-04'),
(367, 30, 19, '2024-03-04', '2024-03-04'),
(368, 30, 19, '2024-03-04', '2024-03-04'),
(369, 30, 19, '2024-03-04', '2024-03-04'),
(370, 30, 19, '2024-03-04', '2024-03-04'),
(371, 30, 19, '2024-03-04', '2024-03-04'),
(372, 30, 19, '2024-03-04', '2024-03-04'),
(373, 30, 19, '2024-03-04', '2024-03-04'),
(374, 30, 19, '2024-03-04', '2024-03-04'),
(375, 30, 20, '2024-03-04', '2024-03-04'),
(376, 30, 20, '2024-03-04', '2024-03-04'),
(377, 30, 20, '2024-03-04', '2024-03-04'),
(378, 30, 20, '2024-03-04', '2024-03-04'),
(379, 31, 19, '2024-03-04', '2024-03-04'),
(380, 31, 19, '2024-03-04', '2024-03-04'),
(381, 31, 19, '2024-03-04', '2024-03-04'),
(382, 31, 19, '2024-03-04', '2024-03-04'),
(383, 31, 19, '2024-03-04', '2024-03-04'),
(384, 31, 19, '2024-03-04', '2024-03-04'),
(385, 31, 19, '2024-03-04', '2024-03-04'),
(386, 31, 19, '2024-03-04', '2024-03-04'),
(387, 31, 20, '2024-03-04', '2024-03-04'),
(388, 31, 20, '2024-03-04', '2024-03-04'),
(389, 31, 20, '2024-03-04', '2024-03-04'),
(390, 31, 20, '2024-03-04', '2024-03-04'),
(391, 32, 19, '2024-03-04', '2024-03-04'),
(392, 32, 19, '2024-03-04', '2024-03-04'),
(393, 32, 19, '2024-03-04', '2024-03-04'),
(394, 32, 19, '2024-03-04', '2024-03-04'),
(395, 32, 19, '2024-03-04', '2024-03-04'),
(396, 32, 19, '2024-03-04', '2024-03-04'),
(397, 32, 19, '2024-03-04', '2024-03-04'),
(398, 32, 19, '2024-03-04', '2024-03-04'),
(399, 32, 20, '2024-03-04', '2024-03-04'),
(400, 32, 20, '2024-03-04', '2024-03-04'),
(401, 32, 20, '2024-03-04', '2024-03-04'),
(402, 32, 20, '2024-03-04', '2024-03-04'),
(403, 33, 19, '2024-03-04', '2024-03-04'),
(404, 33, 19, '2024-03-04', '2024-03-04'),
(405, 33, 19, '2024-03-04', '2024-03-04'),
(406, 33, 19, '2024-03-04', '2024-03-04'),
(407, 33, 19, '2024-03-04', '2024-03-04'),
(408, 33, 19, '2024-03-04', '2024-03-04'),
(409, 33, 19, '2024-03-04', '2024-03-04'),
(410, 33, 19, '2024-03-04', '2024-03-04'),
(411, 33, 20, '2024-03-04', '2024-03-04'),
(412, 33, 20, '2024-03-04', '2024-03-04'),
(413, 33, 20, '2024-03-04', '2024-03-04'),
(414, 33, 20, '2024-03-04', '2024-03-04'),
(415, 34, 20, '2024-03-04', '2024-03-04'),
(416, 35, 20, '2024-03-04', '2024-03-04'),
(417, 36, 20, '2024-03-04', '2024-03-04'),
(418, 37, 20, '2024-03-04', '2024-03-04'),
(419, 38, 20, '2024-03-04', '2024-03-04'),
(420, 39, 20, '2024-03-04', '2024-03-04'),
(421, 40, 20, '2024-03-04', '2024-03-04'),
(422, 41, 20, '2024-03-04', '2024-03-04'),
(423, 42, 20, '2024-03-04', '2024-03-04'),
(424, 43, 20, '2024-03-04', '2024-03-04'),
(425, 44, 20, '2024-03-04', '2024-03-04'),
(426, 45, 20, '2024-03-09', '2024-03-09'),
(427, 46, 19, '2024-03-09', '2024-03-09');

-- --------------------------------------------------------

--
-- Table structure for table `diagnostic_exams`
--

CREATE TABLE `diagnostic_exams` (
  `id` bigint(20) UNSIGNED NOT NULL,
  `title` varchar(255) DEFAULT NULL,
  `description` text DEFAULT NULL,
  `time` varchar(255) NOT NULL,
  `score` int(11) NOT NULL,
  `pass_score` float NOT NULL,
  `course_id` bigint(20) UNSIGNED NOT NULL,
  `score_id` bigint(20) UNSIGNED DEFAULT NULL,
  `state` tinyint(1) NOT NULL DEFAULT 0,
  `created_at` date DEFAULT NULL,
  `updated_at` date DEFAULT NULL
) ENGINE=InnoDB DEFAULT CHARSET=utf8mb4 COLLATE=utf8mb4_general_ci;

--
-- Dumping data for table `diagnostic_exams`
--

INSERT INTO `diagnostic_exams` (`id`, `title`, `description`, `time`, `score`, `pass_score`, `course_id`, `score_id`, `state`, `created_at`, `updated_at`) VALUES
(10, 'sad', 'asd', 'Hours  M', 100, 48, 1, 4, 0, '2024-01-24', '2024-03-26'),
(12, 'ggggg', 'ggggg', '1Hours 1 M', 100, 48, 1, 4, 0, '2024-02-03', '2024-02-03'),
(13, 'sasasasasasasa', 'sasasa', '1Hours 1 M', 100, 40, 1, 4, 0, '2024-02-15', '2024-02-15'),
(14, 'asddsa', 'asds', '1Hours 2 M', 100, 21, 1, 4, 0, '2024-03-04', '2024-03-04'),
(15, 'asddsa', 'asds', '1Hours 2 M', 100, 21, 1, 4, 0, '2024-03-04', '2024-03-04'),
(16, 'asddsa', 'asds', '1Hours 2 M', 100, 21, 1, 4, 1, '2024-03-04', '2024-03-04'),
(17, 'scdas', 'asd', '1Hours 1 M', 100, 8, 1, 4, 1, '2024-03-04', '2024-03-04'),
(18, 'adf', 'asd', 'Hours  M', 100, 22, 1, 4, 1, '2024-03-04', '2024-03-04'),
(19, 'ssad', 'ss', '1Hours 1 M', 100, 48, 1, 2, 1, '2024-03-09', '2024-03-09');

-- --------------------------------------------------------

--
-- Table structure for table `diagnostic_exams_history`
--

CREATE TABLE `diagnostic_exams_history` (
  `id` bigint(20) UNSIGNED NOT NULL,
  `user_id` bigint(20) UNSIGNED NOT NULL,
  `diagnostic_exams_id` bigint(20) UNSIGNED NOT NULL,
  `score` int(11) NOT NULL,
  `time` varchar(255) DEFAULT NULL,
  `r_questions` int(11) NOT NULL,
  `date` date DEFAULT NULL,
  `created_at` date DEFAULT NULL,
  `updated_at` date DEFAULT NULL
) ENGINE=InnoDB DEFAULT CHARSET=utf8mb4 COLLATE=utf8mb4_general_ci;

--
-- Dumping data for table `diagnostic_exams_history`
--

INSERT INTO `diagnostic_exams_history` (`id`, `user_id`, `diagnostic_exams_id`, `score`, `time`, `r_questions`, `date`, `created_at`, `updated_at`) VALUES
(1, 8, 10, 0, NULL, 0, NULL, '2024-03-03', '2024-03-03'),
(2, 8, 10, 0, NULL, 0, NULL, '2024-03-03', '2024-03-03'),
(3, 8, 10, 0, NULL, 0, NULL, '2024-03-03', '2024-03-03'),
(4, 8, 10, 0, NULL, 0, NULL, '2024-03-03', '2024-03-03'),
(5, 8, 10, 0, NULL, 0, NULL, '2024-03-03', '2024-03-03'),
(6, 8, 10, 0, NULL, 0, NULL, '2024-03-03', '2024-03-03'),
(7, 8, 10, 0, NULL, 0, NULL, '2024-03-03', '2024-03-03'),
(8, 8, 10, 0, NULL, 0, NULL, '2024-03-03', '2024-03-03'),
(9, 8, 10, 0, NULL, 0, NULL, '2024-03-03', '2024-03-03'),
(10, 8, 10, 0, NULL, 0, NULL, '2024-03-03', '2024-03-03'),
(11, 8, 10, 0, NULL, 0, NULL, '2024-03-03', '2024-03-03'),
(12, 8, 10, 0, NULL, 0, NULL, '2024-03-03', '2024-03-03'),
(13, 8, 10, 0, NULL, 0, NULL, '2024-03-03', '2024-03-03'),
(14, 8, 10, 0, NULL, 0, NULL, '2024-03-03', '2024-03-03'),
(15, 8, 10, 0, NULL, 0, NULL, '2024-03-03', '2024-03-03'),
(16, 8, 10, 0, NULL, 0, NULL, '2024-03-03', '2024-03-03'),
(17, 8, 10, 0, NULL, 0, NULL, '2024-03-03', '2024-03-03'),
(18, 8, 12, 3, NULL, 2, NULL, '2024-03-04', '2024-03-04'),
(19, 8, 12, 3, NULL, 2, NULL, '2024-03-04', '2024-03-04'),
(20, 8, 12, 3, NULL, 2, NULL, '2024-03-04', '2024-03-04'),
(21, 8, 12, 3, NULL, 2, NULL, '2024-03-04', '2024-03-04'),
(22, 8, 12, 3, NULL, 2, NULL, '2024-03-04', '2024-03-04'),
(23, 8, 13, 0, NULL, 0, NULL, '2024-03-04', '2024-03-04'),
(24, 8, 13, 0, NULL, 0, NULL, '2024-03-04', '2024-03-04'),
(25, 8, 16, 5, NULL, 4, NULL, '2024-03-04', '2024-03-04'),
(26, 8, 16, 5, NULL, 4, NULL, '2024-03-04', '2024-03-04'),
(27, 8, 16, 5, NULL, 4, NULL, '2024-03-04', '2024-03-04'),
(28, 8, 16, 5, NULL, 4, NULL, '2024-03-04', '2024-03-04'),
(29, 8, 12, 4, NULL, 3, NULL, '2024-03-04', '2024-03-04'),
(30, 8, 12, 4, NULL, 3, NULL, '2024-03-04', '2024-03-04'),
(31, 8, 12, 4, NULL, 3, NULL, '2024-03-04', '2024-03-04'),
(32, 8, 12, 4, NULL, 3, NULL, '2024-03-04', '2024-03-04'),
(33, 8, 12, 4, NULL, 3, NULL, '2024-03-04', '2024-03-04'),
(34, 8, 12, 4, NULL, 3, NULL, '2024-03-04', '2024-03-04'),
(35, 8, 12, 2, NULL, 1, NULL, '2024-03-04', '2024-03-04'),
(36, 8, 12, 2, NULL, 1, NULL, '2024-03-04', '2024-03-04'),
(37, 8, 12, 2, NULL, 1, NULL, '2024-03-04', '2024-03-04'),
(38, 8, 12, 2, NULL, 1, NULL, '2024-03-04', '2024-03-04'),
(39, 8, 12, 2, NULL, 1, NULL, '2024-03-04', '2024-03-04'),
(40, 8, 12, 2, NULL, 1, NULL, '2024-03-04', '2024-03-04'),
(41, 8, 12, 2, NULL, 1, NULL, '2024-03-04', '2024-03-04'),
(42, 8, 12, 2, NULL, 1, NULL, '2024-03-04', '2024-03-04'),
(43, 8, 12, 2, NULL, 1, NULL, '2024-03-04', '2024-03-04'),
(44, 8, 12, 2, NULL, 1, NULL, '2024-03-04', '2024-03-04'),
(45, 8, 12, 2, NULL, 1, '2024-03-09', '2024-03-09', '2024-03-09'),
(46, 8, 10, 2, NULL, 1, '2024-03-09', '2024-03-09', '2024-03-09'),
(47, 8, 14, 2, NULL, 1, '2024-03-20', '2024-03-20', '2024-03-20'),
(48, 8, 14, 2, NULL, 1, '2024-03-20', '2024-03-20', '2024-03-20');

-- --------------------------------------------------------

--
-- Table structure for table `dia_questions`
--

CREATE TABLE `dia_questions` (
  `id` bigint(20) UNSIGNED NOT NULL,
  `diagnostic_exam_id` bigint(20) UNSIGNED NOT NULL,
  `question_id` bigint(20) UNSIGNED NOT NULL,
  `created_at` date DEFAULT NULL,
  `updated_at` date DEFAULT NULL
) ENGINE=InnoDB DEFAULT CHARSET=utf8mb4 COLLATE=utf8mb4_general_ci;

--
-- Dumping data for table `dia_questions`
--

INSERT INTO `dia_questions` (`id`, `diagnostic_exam_id`, `question_id`, `created_at`, `updated_at`) VALUES
(14, 12, 19, '2024-02-03', '2024-02-03'),
(15, 12, 20, '2024-02-03', '2024-02-03'),
(16, 13, 1, '2024-02-15', '2024-02-15'),
(17, 13, 18, '2024-02-15', '2024-02-15'),
(18, 16, 20, '2024-03-04', '2024-03-04'),
(19, 16, 19, '2024-03-04', '2024-03-04'),
(20, 14, 18, '2024-03-04', '2024-03-04'),
(21, 15, 1, '2024-03-04', '2024-03-04'),
(22, 17, 18, '2024-03-04', '2024-03-04'),
(25, 19, 1, '2024-03-09', '2024-03-09'),
(26, 19, 18, '2024-03-09', '2024-03-09'),
(27, 19, 19, '2024-03-09', '2024-03-09'),
(28, 18, 20, '2024-03-09', '2024-03-09'),
(29, 19, 21, '2024-03-09', '2024-03-09'),
(30, 19, 20, '2024-03-09', '2024-03-09'),
(31, 19, 19, '2024-03-09', '2024-03-09'),
(36, 10, 21, '2024-03-26', '2024-03-26'),
(37, 10, 20, '2024-03-26', '2024-03-26');

-- --------------------------------------------------------

--
-- Table structure for table `exam`
--

CREATE TABLE `exam` (
  `id` bigint(20) UNSIGNED NOT NULL,
  `title` varchar(255) NOT NULL,
  `description` text DEFAULT NULL,
  `time` varchar(255) NOT NULL,
  `score` int(11) NOT NULL,
  `pass_score` int(11) NOT NULL,
  `year` year(4) DEFAULT NULL,
  `month` int(10) UNSIGNED DEFAULT NULL,
  `code_id` bigint(20) UNSIGNED DEFAULT NULL,
  `course_id` bigint(20) UNSIGNED NOT NULL,
  `score_id` bigint(20) UNSIGNED NOT NULL,
  `type` enum('extra','trail') NOT NULL,
  `state` tinyint(1) NOT NULL DEFAULT 0,
  `created_at` date DEFAULT NULL,
  `updated_at` date DEFAULT NULL
) ENGINE=InnoDB DEFAULT CHARSET=utf8mb4 COLLATE=utf8mb4_general_ci;

--
-- Dumping data for table `exam`
--

INSERT INTO `exam` (`id`, `title`, `description`, `time`, `score`, `pass_score`, `year`, `month`, `code_id`, `course_id`, `score_id`, `type`, `state`, `created_at`, `updated_at`) VALUES
(2, 'Exam 1', '111', '11:37:22', 111, 11, '2024', 3, 2, 2, 4, 'extra', 1, NULL, '2024-03-26'),
(4, 'dcf', 'fdsf', '1Hours 1 M', 100, 21, '2011', NULL, NULL, 1, 4, 'trail', 1, '2024-03-05', '2024-03-26');

-- --------------------------------------------------------

--
-- Table structure for table `exam_codes`
--

CREATE TABLE `exam_codes` (
  `id` bigint(20) UNSIGNED NOT NULL,
  `exam_code` varchar(255) NOT NULL,
  `created_at` date NOT NULL,
  `updated_at` date NOT NULL
) ENGINE=InnoDB DEFAULT CHARSET=utf8 COLLATE=utf8_general_ci;

--
-- Dumping data for table `exam_codes`
--

INSERT INTO `exam_codes` (`id`, `exam_code`, `created_at`, `updated_at`) VALUES
(2, '1234', '2024-01-24', '2024-03-02');

-- --------------------------------------------------------

--
-- Table structure for table `exam_history`
--

CREATE TABLE `exam_history` (
  `id` bigint(20) UNSIGNED NOT NULL,
  `user_id` bigint(20) UNSIGNED NOT NULL,
  `exam_id` bigint(20) UNSIGNED NOT NULL,
  `score` int(11) NOT NULL,
  `time` int(11) DEFAULT NULL,
  `date` date DEFAULT NULL,
  `r_questions` int(11) NOT NULL,
  `created_at` date DEFAULT NULL,
  `updated_at` date DEFAULT NULL
) ENGINE=InnoDB DEFAULT CHARSET=utf8mb4 COLLATE=utf8mb4_general_ci;

--
-- Dumping data for table `exam_history`
--

INSERT INTO `exam_history` (`id`, `user_id`, `exam_id`, `score`, `time`, `date`, `r_questions`, `created_at`, `updated_at`) VALUES
(1, 8, 2, 2, NULL, '2024-03-06', 1, '2024-03-06', '2024-03-06'),
(2, 8, 2, 2, NULL, '2024-03-06', 1, '2024-03-06', '2024-03-06'),
(3, 8, 2, 2, NULL, '2024-03-06', 1, '2024-03-06', '2024-03-06'),
(4, 8, 2, 2, NULL, '2024-03-06', 1, '2024-03-06', '2024-03-06'),
(5, 8, 2, 2, NULL, '2024-03-06', 1, '2024-03-06', '2024-03-06'),
(6, 8, 2, 2, NULL, '2024-03-06', 1, '2024-03-06', '2024-03-06'),
(7, 8, 2, 2, NULL, '2024-03-06', 1, '2024-03-06', '2024-03-06'),
(8, 8, 2, 2, NULL, '2024-03-06', 1, '2024-03-06', '2024-03-06'),
(9, 8, 2, 2, NULL, '2024-03-06', 1, '2024-03-06', '2024-03-06'),
(10, 8, 2, 2, NULL, '2024-03-09', 1, '2024-03-09', '2024-03-09');

-- --------------------------------------------------------

--
-- Table structure for table `exam_mistakes`
--

CREATE TABLE `exam_mistakes` (
  `id` bigint(20) UNSIGNED NOT NULL,
  `student_exam_id` bigint(20) UNSIGNED NOT NULL,
  `question_id` bigint(20) UNSIGNED NOT NULL,
  `created_at` date DEFAULT NULL,
  `updated_at` date DEFAULT NULL
) ENGINE=InnoDB DEFAULT CHARSET=utf8mb4 COLLATE=utf8mb4_general_ci;

--
-- Dumping data for table `exam_mistakes`
--

INSERT INTO `exam_mistakes` (`id`, `student_exam_id`, `question_id`, `created_at`, `updated_at`) VALUES
(2, 2, 1, '2024-03-06', '2024-03-06'),
(3, 2, 1, '2024-03-06', '2024-03-06'),
(4, 2, 1, '2024-03-06', '2024-03-06'),
(5, 2, 1, '2024-03-06', '2024-03-06'),
(6, 2, 19, '2024-03-06', '2024-03-06'),
(7, 2, 19, '2024-03-06', '2024-03-06'),
(8, 2, 19, '2024-03-06', '2024-03-06'),
(9, 2, 19, '2024-03-06', '2024-03-06'),
(10, 2, 19, '2024-03-06', '2024-03-06'),
(11, 2, 19, '2024-03-06', '2024-03-06'),
(12, 2, 19, '2024-03-06', '2024-03-06'),
(13, 2, 19, '2024-03-06', '2024-03-06'),
(14, 2, 1, '2024-03-06', '2024-03-06'),
(15, 2, 1, '2024-03-06', '2024-03-06'),
(16, 2, 1, '2024-03-06', '2024-03-06'),
(17, 2, 1, '2024-03-06', '2024-03-06'),
(18, 2, 1, '2024-03-06', '2024-03-06'),
(19, 2, 1, '2024-03-06', '2024-03-06'),
(20, 2, 1, '2024-03-06', '2024-03-06'),
(21, 2, 1, '2024-03-06', '2024-03-06'),
(22, 2, 1, '2024-03-06', '2024-03-06'),
(23, 2, 19, '2024-03-06', '2024-03-06'),
(24, 2, 19, '2024-03-06', '2024-03-06'),
(25, 2, 19, '2024-03-06', '2024-03-06'),
(26, 2, 19, '2024-03-06', '2024-03-06'),
(27, 2, 19, '2024-03-06', '2024-03-06'),
(28, 2, 19, '2024-03-06', '2024-03-06'),
(29, 2, 19, '2024-03-06', '2024-03-06'),
(30, 2, 19, '2024-03-06', '2024-03-06'),
(31, 2, 1, '2024-03-06', '2024-03-06'),
(32, 2, 1, '2024-03-06', '2024-03-06'),
(33, 2, 1, '2024-03-06', '2024-03-06'),
(34, 2, 1, '2024-03-06', '2024-03-06'),
(35, 2, 1, '2024-03-06', '2024-03-06'),
(36, 2, 1, '2024-03-06', '2024-03-06'),
(37, 2, 1, '2024-03-06', '2024-03-06'),
(38, 2, 1, '2024-03-06', '2024-03-06'),
(39, 2, 1, '2024-03-06', '2024-03-06'),
(40, 2, 19, '2024-03-06', '2024-03-06'),
(41, 2, 19, '2024-03-06', '2024-03-06'),
(42, 2, 19, '2024-03-06', '2024-03-06'),
(43, 2, 19, '2024-03-06', '2024-03-06'),
(44, 2, 19, '2024-03-06', '2024-03-06'),
(45, 2, 19, '2024-03-06', '2024-03-06'),
(46, 2, 19, '2024-03-06', '2024-03-06'),
(47, 2, 19, '2024-03-06', '2024-03-06'),
(48, 2, 1, '2024-03-06', '2024-03-06'),
(49, 2, 1, '2024-03-06', '2024-03-06'),
(50, 2, 1, '2024-03-06', '2024-03-06'),
(51, 2, 1, '2024-03-06', '2024-03-06'),
(52, 2, 1, '2024-03-06', '2024-03-06'),
(53, 2, 1, '2024-03-06', '2024-03-06'),
(54, 2, 1, '2024-03-06', '2024-03-06'),
(55, 2, 1, '2024-03-06', '2024-03-06'),
(56, 2, 1, '2024-03-06', '2024-03-06'),
(57, 2, 19, '2024-03-06', '2024-03-06'),
(58, 2, 19, '2024-03-06', '2024-03-06'),
(59, 2, 19, '2024-03-06', '2024-03-06'),
(60, 2, 19, '2024-03-06', '2024-03-06'),
(61, 2, 19, '2024-03-06', '2024-03-06'),
(62, 2, 19, '2024-03-06', '2024-03-06'),
(63, 2, 19, '2024-03-06', '2024-03-06'),
(64, 2, 19, '2024-03-06', '2024-03-06'),
(65, 2, 1, '2024-03-06', '2024-03-06'),
(66, 2, 1, '2024-03-06', '2024-03-06'),
(67, 2, 1, '2024-03-06', '2024-03-06'),
(68, 2, 1, '2024-03-06', '2024-03-06'),
(69, 2, 1, '2024-03-06', '2024-03-06'),
(70, 2, 1, '2024-03-06', '2024-03-06'),
(71, 2, 1, '2024-03-06', '2024-03-06'),
(72, 2, 1, '2024-03-06', '2024-03-06'),
(73, 2, 1, '2024-03-06', '2024-03-06'),
(74, 2, 19, '2024-03-09', '2024-03-09'),
(75, 2, 19, '2024-03-09', '2024-03-09'),
(76, 2, 1, '2024-03-09', '2024-03-09'),
(77, 2, 1, '2024-03-09', '2024-03-09'),
(78, 2, 20, '2024-03-09', '2024-03-09');

-- --------------------------------------------------------

--
-- Table structure for table `exam_questions`
--

CREATE TABLE `exam_questions` (
  `id` bigint(20) UNSIGNED NOT NULL,
  `exam_id` bigint(20) UNSIGNED NOT NULL,
  `question_id` bigint(20) UNSIGNED NOT NULL,
  `created_at` date DEFAULT NULL,
  `updated_at` date DEFAULT NULL
) ENGINE=InnoDB DEFAULT CHARSET=utf8mb4 COLLATE=utf8mb4_general_ci;

--
-- Dumping data for table `exam_questions`
--

INSERT INTO `exam_questions` (`id`, `exam_id`, `question_id`, `created_at`, `updated_at`) VALUES
(13, 2, 19, '2024-03-26', '2024-03-26'),
(14, 2, 19, '2024-03-26', '2024-03-26'),
(15, 4, 20, '2024-03-26', '2024-03-26'),
(16, 4, 20, '2024-03-26', '2024-03-26'),
(17, 4, 19, '2024-03-26', '2024-03-26'),
(18, 4, 18, '2024-03-26', '2024-03-26');

-- --------------------------------------------------------

--
-- Table structure for table `exam_time`
--

CREATE TABLE `exam_time` (
  `id` bigint(20) UNSIGNED NOT NULL,
  `user_id` bigint(20) UNSIGNED NOT NULL,
  `exam_id` bigint(20) UNSIGNED NOT NULL,
  `time` datetime NOT NULL,
  `updated_at` date DEFAULT NULL,
  `created_at` date DEFAULT NULL
) ENGINE=InnoDB DEFAULT CHARSET=utf8mb4 COLLATE=utf8mb4_general_ci;

--
-- Dumping data for table `exam_time`
--

INSERT INTO `exam_time` (`id`, `user_id`, `exam_id`, `time`, `updated_at`, `created_at`) VALUES
(2, 8, 2, '2024-02-26 09:32:23', '2024-02-26', '2024-02-26');

-- --------------------------------------------------------

--
-- Table structure for table `failed_jobs`
--

CREATE TABLE `failed_jobs` (
  `id` bigint(20) UNSIGNED NOT NULL,
  `uuid` varchar(191) NOT NULL,
  `connection` text NOT NULL,
  `queue` text NOT NULL,
  `payload` longtext NOT NULL,
  `exception` longtext NOT NULL,
  `failed_at` timestamp NOT NULL DEFAULT current_timestamp()
) ENGINE=InnoDB DEFAULT CHARSET=utf8mb4 COLLATE=utf8mb4_unicode_ci;

-- --------------------------------------------------------

--
-- Table structure for table `grid_ans`
--

CREATE TABLE `grid_ans` (
  `id` bigint(20) UNSIGNED NOT NULL,
  `grid_ans` text NOT NULL,
  `q_id` bigint(20) UNSIGNED NOT NULL,
  `created_at` date DEFAULT NULL,
  `updated_at` date DEFAULT NULL
) ENGINE=InnoDB DEFAULT CHARSET=utf8 COLLATE=utf8_general_ci;

--
-- Dumping data for table `grid_ans`
--

INSERT INTO `grid_ans` (`id`, `grid_ans`, `q_id`, `created_at`, `updated_at`) VALUES
(1, '1', 20, '2023-12-25', '2023-12-25'),
(2, '2', 21, '2023-12-25', '2023-12-25'),
(4, '7', 1, '2024-01-29', '2024-01-29');

-- --------------------------------------------------------

--
-- Table structure for table `group_days`
--

CREATE TABLE `group_days` (
  `id` bigint(20) UNSIGNED NOT NULL,
  `day` enum('Sat','Sun','Mon','Tues','Wed','Thurs','Fri') NOT NULL,
  `from` time NOT NULL,
  `to` time NOT NULL,
  `group_id` bigint(20) UNSIGNED NOT NULL,
  `created_at` date DEFAULT NULL,
  `updated_at` date DEFAULT NULL
) ENGINE=InnoDB DEFAULT CHARSET=utf8mb4 COLLATE=utf8mb4_unicode_ci;

--
-- Dumping data for table `group_days`
--

INSERT INTO `group_days` (`id`, `day`, `from`, `to`, `group_id`, `created_at`, `updated_at`) VALUES
(7, 'Sat', '10:16:00', '00:17:00', 3, '2024-01-14', '2024-01-14'),
(22, 'Sat', '11:59:00', '11:59:00', 5, '2024-01-27', '2024-01-27'),
(23, 'Sat', '00:59:00', '11:59:00', 5, '2024-01-27', '2024-01-27'),
(26, 'Sun', '13:59:00', '13:59:00', 6, '2024-02-04', '2024-02-04'),
(27, 'Sat', '13:58:00', '13:58:00', 6, '2024-02-04', '2024-02-04'),
(36, 'Sat', '10:44:21', '12:45:21', 1, '2024-02-13', '2024-02-13'),
(37, 'Sat', '10:44:21', '12:45:21', 1, '2024-02-13', '2024-02-13'),
(38, 'Sun', '10:44:21', '12:45:21', 1, '2024-02-13', '2024-02-13');

-- --------------------------------------------------------

--
-- Table structure for table `group_students`
--

CREATE TABLE `group_students` (
  `id` bigint(20) UNSIGNED NOT NULL,
  `group_id` bigint(20) UNSIGNED NOT NULL,
  `stu_id` bigint(20) UNSIGNED NOT NULL,
  `created_at` date NOT NULL,
  `updated_at` date NOT NULL
) ENGINE=InnoDB DEFAULT CHARSET=utf8mb4 COLLATE=utf8mb4_general_ci;

--
-- Dumping data for table `group_students`
--

INSERT INTO `group_students` (`id`, `group_id`, `stu_id`, `created_at`, `updated_at`) VALUES
(1, 1, 5, '0000-00-00', '0000-00-00'),
(2, 1, 7, '0000-00-00', '0000-00-00');

-- --------------------------------------------------------

--
-- Table structure for table `idea_lessons`
--

CREATE TABLE `idea_lessons` (
  `id` bigint(20) UNSIGNED NOT NULL,
  `idea` varchar(255) DEFAULT NULL,
  `syllabus` varchar(255) DEFAULT NULL,
  `idea_order` int(11) DEFAULT NULL,
  `pdf` varchar(255) DEFAULT NULL,
  `v_link` varchar(255) DEFAULT NULL,
  `lesson_id` bigint(20) UNSIGNED NOT NULL,
  `created_at` date DEFAULT NULL,
  `updated_at` date DEFAULT NULL
) ENGINE=InnoDB DEFAULT CHARSET=utf8 COLLATE=utf8_general_ci;

--
-- Dumping data for table `idea_lessons`
--

INSERT INTO `idea_lessons` (`id`, `idea`, `syllabus`, `idea_order`, `pdf`, `v_link`, `lesson_id`, `created_at`, `updated_at`) VALUES
(4, 'nm', 'ljk', 1, '2024V01V04V08V47V2320231001083656153827_2318787155110616_6392255175880343552_n.jpg', 'https://www.youtube.com/embed/v69praWH6cs?si=3ntnEewNZm5NcrFp', 7, '2024-01-04', '2024-01-04'),
(5, 'nm', 'ljk', 12, '2024V01V30V12V17V174.png', 'https://www.youtube.com/embed/v69praWH6cs?si=3ntnEewNZm5NcrFp', 8, '2024-01-30', '2024-01-30'),
(6, '12', '12', 12, '2024V02V01V12V33V049.jpg', 'https://www.youtube.com/watch?v=v69praWH6cs', 12, '2024-02-01', '2024-02-01'),
(7, '21', '21', 21, '2024V02V01V12V33V049.jpg', 'https://www.youtube.com/watch?v=v69praWH6cs', 13, '2024-02-01', '2024-02-01'),
(8, NULL, '12', 12, '2024V02V01V13V04V194.png', 'https://www.youtube.com/watch?v=v69praWH6cs', 16, '2024-02-01', '2024-02-01'),
(9, NULL, NULL, NULL, '2024V02V01V13V08V44', 'https://www.youtube.com/watch?v=v69praWH6cs', 17, '2024-02-01', '2024-02-01'),
(32, 'nm123', 'ljk', 1, '2024V02V13V11V54V47', 'https://www.youtube.com/embed/v69praWH6cs?si=3ntnEewNZm5NcrFp', 4, '2024-02-13', '2024-02-13'),
(33, 'sadsad', 'dasdas', 12, '2024V02V13V11V54V47', 'h', 4, '2024-02-13', '2024-02-13'),
(34, 'nm', 'ljk', 1, '2024V02V13V11V54V47', 'https://www.youtube.com/embed/v69praWH6cs?si=3ntnEewNZm5NcrFp', 4, '2024-02-13', '2024-02-13');

-- --------------------------------------------------------

--
-- Table structure for table `lessons`
--

CREATE TABLE `lessons` (
  `id` bigint(20) UNSIGNED NOT NULL,
  `lesson_name` varchar(191) NOT NULL,
  `chapter_id` bigint(20) UNSIGNED NOT NULL,
  `teacher_id` bigint(20) UNSIGNED NOT NULL,
  `lesson_des` varchar(191) NOT NULL,
  `lesson_url` varchar(191) DEFAULT NULL,
  `pre_requisition` text DEFAULT NULL,
  `gain` text DEFAULT NULL,
  `created_at` timestamp NULL DEFAULT NULL,
  `updated_at` timestamp NULL DEFAULT NULL
) ENGINE=InnoDB DEFAULT CHARSET=utf8mb4 COLLATE=utf8mb4_unicode_ci;

--
-- Dumping data for table `lessons`
--

INSERT INTO `lessons` (`id`, `lesson_name`, `chapter_id`, `teacher_id`, `lesson_des`, `lesson_url`, `pre_requisition`, `gain`, `created_at`, `updated_at`) VALUES
(4, 'Lesson 1', 4, 5, 'fg', '5692024X02X01X16X46X574.jpg', 'jhf', 'g', '2024-01-02 07:48:20', '2024-02-13 09:54:47'),
(5, 'Lesson 1', 4, 5, 'fg', NULL, 'jhf', 'g', '2024-01-02 07:48:59', '2024-01-02 07:48:59'),
(6, 'Lesson 1', 4, 5, 'fg', NULL, 'jhf', 'g', '2024-01-02 07:49:37', '2024-01-02 07:49:37'),
(7, 'Lesson 1', 4, 5, 'fg', NULL, 'jhf', 'g', '2024-01-02 07:50:20', '2024-01-02 07:50:20'),
(8, 'Lesson 1', 4, 5, 'fg', NULL, 'jhf', 'g', '2024-01-02 07:50:36', '2024-01-02 07:50:36'),
(12, 'Lesson 26', 4, 5, 'fdfhg', NULL, 'jfggj', 'fgjfgh', '2024-01-30 10:15:21', '2024-01-30 10:15:21'),
(13, 'Lesson 26', 4, 5, 'fdfhg', NULL, 'jfggj', 'fgjfgh', '2024-01-30 10:17:17', '2024-01-30 10:17:17'),
(14, 'sss', 5, 5, 'dddd', NULL, 'sdsd', 'sdds', '2024-02-01 10:31:46', '2024-02-01 10:31:46'),
(15, 'sss', 4, 7, 'dddd', NULL, 'sdsd', 'sdds', '2024-02-01 10:33:04', '2024-02-01 10:33:04'),
(16, 'dd', 4, 44, 'dsds', NULL, 'cc', 'cd', '2024-02-01 11:04:19', '2024-02-01 11:04:19'),
(17, 'sd', 5, 5, 'sd', NULL, 'sd', 'sdsd', '2024-02-01 11:08:44', '2024-02-01 11:08:44'),
(18, 'Lesson 22', 4, 5, 'das', '3662024X02X05X12X57X434.png', 'sfd', 'assd', '2024-02-05 10:57:43', '2024-02-05 10:57:43');

-- --------------------------------------------------------

--
-- Table structure for table `marketings`
--

CREATE TABLE `marketings` (
  `id` int(11) NOT NULL,
  `course_id` bigint(20) UNSIGNED DEFAULT NULL,
  `chapter_id` bigint(20) UNSIGNED DEFAULT NULL,
  `affilate_id` bigint(20) UNSIGNED NOT NULL,
  `student_id` bigint(20) UNSIGNED NOT NULL,
  `created_at` date DEFAULT NULL,
  `updated_at` date DEFAULT NULL
) ENGINE=InnoDB DEFAULT CHARSET=utf8 COLLATE=utf8_general_ci;

--
-- Dumping data for table `marketings`
--

INSERT INTO `marketings` (`id`, `course_id`, `chapter_id`, `affilate_id`, `student_id`, `created_at`, `updated_at`) VALUES
(17, 4, 5, 5, 8, NULL, NULL);

-- --------------------------------------------------------

--
-- Table structure for table `mcq_ans`
--

CREATE TABLE `mcq_ans` (
  `id` bigint(20) UNSIGNED NOT NULL,
  `mcq_ans` varchar(255) DEFAULT NULL,
  `mcq_answers` varchar(255) DEFAULT NULL,
  `q_id` bigint(20) UNSIGNED NOT NULL,
  `created_at` date DEFAULT NULL,
  `updated_at` date DEFAULT NULL
) ENGINE=InnoDB DEFAULT CHARSET=utf8 COLLATE=utf8_general_ci;

--
-- Dumping data for table `mcq_ans`
--

INSERT INTO `mcq_ans` (`id`, `mcq_ans`, `mcq_answers`, `q_id`, `created_at`, `updated_at`) VALUES
(1, 'answer 1', 'A', 18, '2023-12-25', '2023-12-25'),
(2, 'answer 2', 'A', 18, '2023-12-25', '2023-12-25'),
(3, 'answer 3', 'A', 18, '2023-12-25', '2023-12-25'),
(4, 'answer 4', 'A', 18, '2023-12-25', '2023-12-25'),
(8, '1', 'A', 19, '2023-12-26', '2023-12-26'),
(9, '2', 'A', 19, '2023-12-26', '2023-12-26'),
(10, '3', 'A', 19, '2023-12-26', '2023-12-26'),
(11, '4', 'A', 19, '2023-12-26', '2023-12-26'),
(16, NULL, 'A', 19, '2024-01-24', '2024-01-24'),
(17, NULL, 'A', 19, '2024-01-24', '2024-01-24'),
(18, NULL, 'A', 19, '2024-01-24', '2024-01-24'),
(19, NULL, 'A', 20, '2024-01-24', '2024-01-24'),
(20, NULL, 'A', 19, '2024-01-24', '2024-01-24'),
(21, NULL, 'A', 19, '2024-01-24', '2024-01-24'),
(22, NULL, 'A', 19, '2024-01-24', '2024-01-24'),
(23, NULL, 'A', 19, '2024-01-24', '2024-01-24'),
(56, 'fg', 'A', 1, '2024-01-29', '2024-01-29'),
(57, 'fg', 'A', 1, '2024-01-29', '2024-01-29'),
(58, 'fg', 'A', 1, '2024-01-29', '2024-01-29'),
(59, 'fg', 'A', 1, '2024-01-29', '2024-01-29'),
(60, 'fg', 'A', 1, '2024-01-29', '2024-01-29'),
(61, 'fg', 'A', 1, '2024-01-29', '2024-01-29'),
(62, 'fg', 'A', 1, '2024-01-29', '2024-01-29'),
(63, 'fg', 'A', 1, '2024-01-29', '2024-01-29'),
(64, 'fg', 'A', 1, '2024-01-29', '2024-01-29'),
(65, 'fg', 'A', 1, '2024-01-29', '2024-01-29'),
(66, 'fg', 'A', 1, '2024-01-29', '2024-01-29'),
(67, 'fg', 'A', 1, '2024-01-29', '2024-01-29'),
(68, 'fg', 'A', 1, '2024-01-29', '2024-01-29'),
(69, 'fg', 'A', 1, '2024-01-29', '2024-01-29'),
(70, 'fg', 'A', 1, '2024-01-29', '2024-01-29'),
(71, 'fg', 'A', 1, '2024-01-29', '2024-01-29'),
(72, 'fg', 'A', 1, '2024-01-29', '2024-01-29'),
(73, 'fg', 'A', 1, '2024-01-29', '2024-01-29'),
(74, 'fg', 'A', 1, '2024-01-29', '2024-01-29'),
(75, 'fg', 'A', 1, '2024-01-29', '2024-01-29'),
(76, 'fg', 'A', 1, '2024-01-29', '2024-01-29'),
(77, 'sa', 'A', 1, '2024-01-29', '2024-01-29'),
(78, 'fg', 'A', 1, '2024-01-29', '2024-01-29'),
(79, 'sa', 'A', 1, '2024-01-29', '2024-01-29'),
(80, 'fg', 'A', 1, '2024-01-29', '2024-01-29'),
(81, 'sa', 'A', 1, '2024-01-29', '2024-01-29'),
(82, 'fg', 'A', 1, '2024-01-29', '2024-01-29'),
(83, 'sa', 'A', 1, '2024-01-29', '2024-01-29'),
(84, 'c', 'C', 19, '2024-01-29', '2024-01-29'),
(85, 'cc', 'C', 19, '2024-01-29', '2024-01-29'),
(86, 'ccc', 'C', 19, '2024-01-29', '2024-01-29'),
(87, 'cccc', 'C', 19, '2024-01-29', '2024-01-29'),
(92, NULL, 'A', 19, '2024-02-03', '2024-02-03'),
(93, NULL, 'A', 19, '2024-02-03', '2024-02-03'),
(94, NULL, 'A', 19, '2024-02-03', '2024-02-03'),
(95, NULL, 'A', 19, '2024-02-03', '2024-02-03');

-- --------------------------------------------------------

--
-- Table structure for table `migrations`
--

CREATE TABLE `migrations` (
  `id` int(10) UNSIGNED NOT NULL,
  `migration` varchar(191) NOT NULL,
  `batch` int(11) NOT NULL
) ENGINE=InnoDB DEFAULT CHARSET=utf8mb4 COLLATE=utf8mb4_unicode_ci;

--
-- Dumping data for table `migrations`
--

INSERT INTO `migrations` (`id`, `migration`, `batch`) VALUES
(1, '2014_10_12_000000_create_users_table', 1),
(2, '2014_10_12_100000_create_password_resets_table', 1),
(3, '2019_08_19_000000_create_failed_jobs_table', 1),
(4, '2019_12_14_000001_create_personal_access_tokens_table', 1),
(5, '2023_05_28_090500_add_login_fields_to_users_table', 1),
(6, '2023_06_11_075700_create_permission_tables', 1),
(7, '2023_06_12_013333_add_profile_photo_path_column_to_users_table', 1),
(8, '2023_10_09_041104_create_addresses_table', 1),
(9, '2023_12_12_111922_create_admin_roles_table', 1),
(10, '2023_12_12_113333_create_categories_table', 1),
(11, '2023_12_12_113743_create_courses_table', 1),
(12, '2023_12_12_113826_create_chapters_table', 1);

-- --------------------------------------------------------

--
-- Table structure for table `model_has_permissions`
--

CREATE TABLE `model_has_permissions` (
  `permission_id` bigint(20) UNSIGNED NOT NULL,
  `model_type` varchar(191) NOT NULL,
  `model_id` bigint(20) UNSIGNED NOT NULL
) ENGINE=InnoDB DEFAULT CHARSET=utf8mb4 COLLATE=utf8mb4_unicode_ci;

-- --------------------------------------------------------

--
-- Table structure for table `model_has_roles`
--

CREATE TABLE `model_has_roles` (
  `role_id` bigint(20) UNSIGNED NOT NULL,
  `model_type` varchar(191) NOT NULL,
  `model_id` bigint(20) UNSIGNED NOT NULL
) ENGINE=InnoDB DEFAULT CHARSET=utf8mb4 COLLATE=utf8mb4_unicode_ci;

-- --------------------------------------------------------

--
-- Table structure for table `packages`
--

CREATE TABLE `packages` (
  `id` bigint(20) UNSIGNED NOT NULL,
  `name` varchar(255) NOT NULL,
  `module` enum('Exam','Question','Live') NOT NULL,
  `number` int(11) NOT NULL,
  `price` float NOT NULL,
  `duration` int(11) NOT NULL,
  `created_at` date DEFAULT NULL,
  `updated_at` date DEFAULT NULL
) ENGINE=InnoDB DEFAULT CHARSET=utf8mb4 COLLATE=utf8mb4_general_ci;

--
-- Dumping data for table `packages`
--

INSERT INTO `packages` (`id`, `name`, `module`, `number`, `price`, `duration`, `created_at`, `updated_at`) VALUES
(2, 'Package 1', 'Exam', 10, 60, 30, NULL, '2024-02-20'),
(3, 'Package 2', 'Question', 11, 111, 1111, '2024-02-20', '2024-02-20'),
(4, 'Package 3', 'Live', 10, 600, 30, NULL, NULL);

-- --------------------------------------------------------

--
-- Table structure for table `password_resets`
--

CREATE TABLE `password_resets` (
  `email` varchar(191) NOT NULL,
  `token` varchar(191) NOT NULL,
  `created_at` timestamp NULL DEFAULT NULL
) ENGINE=InnoDB DEFAULT CHARSET=utf8mb4 COLLATE=utf8mb4_unicode_ci;

-- --------------------------------------------------------

--
-- Table structure for table `payment_method`
--

CREATE TABLE `payment_method` (
  `id` bigint(20) UNSIGNED NOT NULL,
  `payment` varchar(255) NOT NULL,
  `description` text DEFAULT NULL,
  `logo` varchar(255) DEFAULT NULL,
  `statue` tinyint(1) DEFAULT 0,
  `created_at` date DEFAULT NULL,
  `updated_at` date DEFAULT NULL
) ENGINE=InnoDB DEFAULT CHARSET=utf8 COLLATE=utf8_general_ci;

--
-- Dumping data for table `payment_method`
--

INSERT INTO `payment_method` (`id`, `payment`, `description`, `logo`, `statue`, `created_at`, `updated_at`) VALUES
(2, 'Visa', 'Number 1', '2024X02X05X13X13X2774644.png', 1, '2024-01-07', '2024-02-12'),
(4, 'pay 1', 'Number 2', '2024X01X27X09X01X1410931.jpg', 1, '2024-01-27', '2024-01-27'),
(5, 'Visa', NULL, '2024X02X05X13X14X0069575.png', 1, '2024-02-05', '2024-02-05'),
(7, 'pay 1', NULL, '2024X02X12X10X01X511491202301101725mvf_dark_logo.png', 1, '2024-02-12', '2024-02-12');

-- --------------------------------------------------------

--
-- Table structure for table `payment_orders`
--

CREATE TABLE `payment_orders` (
  `id` bigint(20) UNSIGNED NOT NULL,
  `payment_request_id` bigint(20) UNSIGNED NOT NULL,
  `chapter_id` bigint(20) UNSIGNED NOT NULL,
  `duration` int(11) NOT NULL,
  `discount` float DEFAULT NULL,
  `state` tinyint(1) NOT NULL DEFAULT 0,
  `date` datetime DEFAULT NULL,
  `created_at` date DEFAULT NULL,
  `updated_at` date DEFAULT NULL
) ENGINE=InnoDB DEFAULT CHARSET=utf8mb4 COLLATE=utf8mb4_general_ci;

--
-- Dumping data for table `payment_orders`
--

INSERT INTO `payment_orders` (`id`, `payment_request_id`, `chapter_id`, `duration`, `discount`, `state`, `date`, `created_at`, `updated_at`) VALUES
(1, 1, 4, 0, NULL, 0, NULL, NULL, NULL),
(3, 7, 5, 33, NULL, 0, NULL, '2024-02-28', '2024-02-28'),
(4, 7, 6, 22, NULL, 0, NULL, '2024-02-28', '2024-02-28'),
(5, 7, 15, 2, NULL, 0, NULL, '2024-02-28', '2024-02-28'),
(6, 62, 4, 4, NULL, 1, NULL, '2024-02-28', '2024-02-28'),
(7, 62, 5, 4, NULL, 0, NULL, '2024-02-28', '2024-02-28'),
(8, 62, 6, 4, NULL, 0, NULL, '2024-02-28', '2024-02-28'),
(9, 62, 15, 4, NULL, 0, NULL, '2024-02-28', '2024-02-28'),
(10, 72, 4, 35, NULL, 0, NULL, '2024-03-07', '2024-03-07'),
(11, 72, 6, 22, NULL, 0, NULL, '2024-03-07', '2024-03-07'),
(12, 72, 15, 2, NULL, 0, NULL, '2024-03-07', '2024-03-07'),
(13, 73, 4, 4, NULL, 0, NULL, '2024-03-07', '2024-03-07'),
(14, 73, 5, 4, NULL, 0, NULL, '2024-03-07', '2024-03-07'),
(15, 73, 6, 4, NULL, 0, NULL, '2024-03-07', '2024-03-07'),
(16, 73, 15, 4, NULL, 0, NULL, '2024-03-07', '2024-03-07'),
(17, 74, 4, 4, NULL, 0, NULL, '2024-03-07', '2024-03-07'),
(18, 74, 5, 4, NULL, 0, NULL, '2024-03-07', '2024-03-07'),
(19, 74, 6, 4, NULL, 0, NULL, '2024-03-07', '2024-03-07'),
(20, 74, 15, 4, NULL, 0, NULL, '2024-03-07', '2024-03-07'),
(21, 75, 4, 4, NULL, 0, NULL, '2024-03-07', '2024-03-07'),
(22, 75, 5, 4, NULL, 0, NULL, '2024-03-07', '2024-03-07'),
(23, 75, 6, 4, NULL, 0, NULL, '2024-03-07', '2024-03-07'),
(24, 75, 15, 4, NULL, 0, NULL, '2024-03-07', '2024-03-07'),
(25, 76, 4, 4, NULL, 0, NULL, '2024-03-07', '2024-03-07'),
(26, 76, 5, 4, NULL, 0, NULL, '2024-03-07', '2024-03-07'),
(27, 76, 6, 4, NULL, 0, NULL, '2024-03-07', '2024-03-07'),
(28, 76, 15, 4, NULL, 0, NULL, '2024-03-07', '2024-03-07'),
(29, 77, 4, 4, NULL, 0, NULL, '2024-03-07', '2024-03-07'),
(30, 77, 5, 4, NULL, 0, NULL, '2024-03-07', '2024-03-07'),
(31, 77, 6, 4, NULL, 0, NULL, '2024-03-07', '2024-03-07'),
(32, 77, 15, 4, NULL, 0, NULL, '2024-03-07', '2024-03-07'),
(33, 78, 4, 4, NULL, 0, NULL, '2024-03-07', '2024-03-07'),
(34, 78, 5, 4, NULL, 0, NULL, '2024-03-07', '2024-03-07'),
(35, 78, 6, 4, NULL, 0, NULL, '2024-03-07', '2024-03-07'),
(36, 78, 15, 4, NULL, 0, NULL, '2024-03-07', '2024-03-07'),
(37, 79, 4, 4, NULL, 0, NULL, '2024-03-07', '2024-03-07'),
(38, 79, 5, 4, NULL, 0, NULL, '2024-03-07', '2024-03-07'),
(39, 79, 6, 4, NULL, 0, NULL, '2024-03-07', '2024-03-07'),
(40, 79, 15, 4, NULL, 0, NULL, '2024-03-07', '2024-03-07'),
(41, 80, 4, 4, NULL, 0, NULL, '2024-03-07', '2024-03-07'),
(42, 80, 5, 4, NULL, 0, NULL, '2024-03-07', '2024-03-07'),
(43, 80, 6, 4, NULL, 0, NULL, '2024-03-07', '2024-03-07'),
(44, 80, 15, 4, NULL, 0, NULL, '2024-03-07', '2024-03-07'),
(45, 81, 4, 4, NULL, 0, NULL, '2024-03-07', '2024-03-07'),
(46, 81, 5, 4, NULL, 0, NULL, '2024-03-07', '2024-03-07'),
(47, 81, 6, 4, NULL, 0, NULL, '2024-03-07', '2024-03-07'),
(48, 81, 15, 4, NULL, 0, NULL, '2024-03-07', '2024-03-07'),
(49, 82, 4, 4, NULL, 0, NULL, '2024-03-07', '2024-03-07'),
(50, 82, 5, 4, NULL, 0, NULL, '2024-03-07', '2024-03-07'),
(51, 82, 6, 4, NULL, 0, NULL, '2024-03-07', '2024-03-07'),
(52, 82, 15, 4, NULL, 0, NULL, '2024-03-07', '2024-03-07'),
(53, 83, 4, 4, NULL, 0, NULL, '2024-03-07', '2024-03-07'),
(54, 83, 5, 4, NULL, 0, NULL, '2024-03-07', '2024-03-07'),
(55, 83, 6, 4, NULL, 0, NULL, '2024-03-07', '2024-03-07'),
(56, 83, 15, 4, NULL, 0, NULL, '2024-03-07', '2024-03-07'),
(57, 84, 4, 4, NULL, 0, NULL, '2024-03-07', '2024-03-07'),
(58, 84, 5, 4, NULL, 0, NULL, '2024-03-07', '2024-03-07'),
(59, 84, 6, 4, NULL, 0, NULL, '2024-03-07', '2024-03-07'),
(60, 84, 15, 4, NULL, 0, NULL, '2024-03-07', '2024-03-07'),
(61, 85, 5, 33, NULL, 0, NULL, '2024-03-07', '2024-03-07'),
(62, 85, 6, 22, NULL, 0, NULL, '2024-03-07', '2024-03-07'),
(63, 85, 15, 2, NULL, 0, NULL, '2024-03-07', '2024-03-07'),
(64, 86, 5, 33, NULL, 0, NULL, '2024-03-07', '2024-03-07'),
(65, 86, 6, 22, NULL, 0, NULL, '2024-03-07', '2024-03-07'),
(66, 86, 15, 2, NULL, 0, NULL, '2024-03-07', '2024-03-07'),
(67, 87, 5, 33, NULL, 0, NULL, '2024-03-07', '2024-03-07'),
(68, 87, 6, 22, NULL, 0, NULL, '2024-03-07', '2024-03-07'),
(69, 87, 15, 2, NULL, 0, NULL, '2024-03-07', '2024-03-07'),
(70, 88, 5, 33, NULL, 0, NULL, '2024-03-07', '2024-03-07'),
(71, 88, 6, 22, NULL, 0, NULL, '2024-03-07', '2024-03-07'),
(72, 88, 15, 2, NULL, 0, NULL, '2024-03-07', '2024-03-07'),
(73, 108, 16, 0, NULL, 0, NULL, '2024-03-27', '2024-03-27'),
(74, 108, 18, 0, NULL, 0, NULL, '2024-03-27', '2024-03-27');

-- --------------------------------------------------------

--
-- Table structure for table `payment_package_order`
--

CREATE TABLE `payment_package_order` (
  `id` bigint(20) UNSIGNED NOT NULL,
  `payment_request_id` bigint(20) UNSIGNED NOT NULL,
  `package_id` bigint(20) UNSIGNED NOT NULL,
  `discount` float DEFAULT NULL,
  `state` tinyint(1) NOT NULL DEFAULT 0,
  `date` datetime(1) NOT NULL,
  `number` int(11) UNSIGNED NOT NULL DEFAULT 0,
  `created_at` date DEFAULT NULL,
  `updated_at` date DEFAULT NULL
) ENGINE=InnoDB DEFAULT CHARSET=utf8mb4 COLLATE=utf8mb4_general_ci;

--
-- Dumping data for table `payment_package_order`
--

INSERT INTO `payment_package_order` (`id`, `payment_request_id`, `package_id`, `discount`, `state`, `date`, `number`, `created_at`, `updated_at`) VALUES
(1, 66, 4, NULL, 1, '2024-02-29 11:26:29.0', 0, '2024-02-29', '2024-03-21'),
(2, 67, 3, NULL, 1, '2024-02-29 12:14:45.0', 0, '2024-02-29', '2024-02-29'),
(3, 68, 3, NULL, 1, '2024-02-29 12:21:35.0', 0, '2024-02-29', '2024-02-29'),
(4, 69, 2, NULL, 1, '2024-02-29 12:29:57.0', 0, '2024-02-29', '2024-02-29'),
(5, 90, 2, NULL, 0, '2024-03-07 13:16:50.0', 0, '2024-03-07', '2024-03-07'),
(6, 92, 2, NULL, 0, '2024-03-07 13:25:28.0', 0, '2024-03-07', '2024-03-07'),
(7, 93, 3, NULL, 0, '2024-03-07 13:26:26.0', 0, '2024-03-07', '2024-03-07'),
(8, 94, 3, NULL, 0, '2024-03-14 11:14:38.0', 0, '2024-03-14', '2024-03-14'),
(9, 95, 3, NULL, 0, '2024-03-14 11:16:27.0', 0, '2024-03-14', '2024-03-14'),
(10, 96, 3, NULL, 1, '2024-03-14 11:35:21.0', 0, '2024-03-14', '2024-03-14'),
(11, 97, 3, NULL, 1, '2024-03-15 19:38:51.0', 0, '2024-03-15', '2024-03-15'),
(12, 98, 2, NULL, 1, '2024-03-15 19:42:07.0', 0, '2024-03-15', '2024-03-21'),
(13, 99, 3, NULL, 1, '2024-03-16 10:52:22.0', 0, '2024-03-16', '2024-03-23'),
(14, 100, 3, NULL, 1, '2024-03-23 11:37:15.0', 0, '2024-03-23', '2024-03-26'),
(15, 101, 3, NULL, 1, '2024-03-26 13:38:12.0', 8, '2024-03-26', '2024-03-27'),
(16, 102, 3, NULL, 1, '2024-03-26 13:38:24.0', 11, '2024-03-26', '2024-03-26'),
(17, 103, 3, NULL, 1, '2024-03-26 13:38:30.0', 11, '2024-03-26', '2024-03-26'),
(18, 104, 3, NULL, 1, '2024-03-26 13:38:45.0', 11, '2024-03-26', '2024-03-26'),
(19, 105, 3, NULL, 1, '2024-03-26 13:39:12.0', 11, '2024-03-26', '2024-03-26'),
(20, 106, 3, NULL, 1, '2024-03-26 13:39:24.0', 11, '2024-03-26', '2024-03-26'),
(21, 107, 2, NULL, 1, '2024-03-27 11:08:46.0', 7, '2024-03-27', '2024-03-27');

-- --------------------------------------------------------

--
-- Table structure for table `payment_requests`
--

CREATE TABLE `payment_requests` (
  `id` bigint(20) UNSIGNED NOT NULL,
  `payment_method_id` bigint(20) UNSIGNED DEFAULT NULL,
  `user_id` bigint(20) UNSIGNED NOT NULL,
  `price` float UNSIGNED NOT NULL,
  `image` varchar(255) DEFAULT NULL,
  `module` enum('Chapters','Package') NOT NULL DEFAULT 'Chapters',
  `state` enum('Pendding','Approve','Rejected') NOT NULL DEFAULT 'Pendding',
  `rejected_reason` varchar(255) DEFAULT NULL,
  `created_at` date DEFAULT NULL,
  `updated_at` date DEFAULT NULL
) ENGINE=InnoDB DEFAULT CHARSET=utf8mb4 COLLATE=utf8mb4_general_ci;

--
-- Dumping data for table `payment_requests`
--

INSERT INTO `payment_requests` (`id`, `payment_method_id`, `user_id`, `price`, `image`, `module`, `state`, `rejected_reason`, `created_at`, `updated_at`) VALUES
(1, 7, 8, 800, NULL, 'Chapters', 'Approve', NULL, NULL, '2024-03-03'),
(2, 7, 11, 300, NULL, 'Chapters', 'Approve', NULL, NULL, '2024-01-28'),
(3, 7, 8, 100, '2024X01X28X12X04X3729854.jpg', 'Chapters', 'Pendding', NULL, '2024-01-28', '2024-01-28'),
(4, 7, 8, 100, '2024X01X28X12X05X4260874.jpg', 'Chapters', 'Pendding', NULL, '2024-01-28', '2024-01-28'),
(5, 7, 8, 400, '2024X01X29X09X58X1436634.png', 'Chapters', 'Pendding', NULL, '2024-01-29', '2024-01-29'),
(6, 7, 8, 100, NULL, 'Chapters', 'Pendding', NULL, '2024-01-29', '2024-01-29'),
(7, 7, 8, 300, NULL, 'Chapters', 'Pendding', NULL, '2024-01-29', '2024-01-29'),
(8, 7, 8, 300, '2024X01X29X12X52X3733564.png', 'Chapters', 'Pendding', NULL, '2024-01-29', '2024-01-29'),
(9, 7, 8, 300, '2024X01X29X12X54X484494.png', 'Chapters', 'Pendding', NULL, '2024-01-29', '2024-01-29'),
(10, 7, 8, 300, '2024X01X29X12X55X4948744.png', 'Chapters', 'Pendding', NULL, '2024-01-29', '2024-01-29'),
(11, 7, 8, 300, '2024X01X29X12X57X4189054.png', 'Chapters', 'Pendding', NULL, '2024-01-29', '2024-01-29'),
(12, 7, 8, 300, '2024X01X29X12X58X0850554.png', 'Chapters', 'Pendding', NULL, '2024-01-29', '2024-01-29'),
(13, 7, 8, 300, '2024X01X29X12X58X1712044.png', 'Chapters', 'Pendding', NULL, '2024-01-29', '2024-01-29'),
(14, 7, 8, 300, '2024X01X29X12X58X5794914.png', 'Chapters', 'Pendding', NULL, '2024-01-29', '2024-01-29'),
(15, 7, 8, 300, '2024X01X29X13X00X1860184.png', 'Chapters', 'Pendding', NULL, '2024-01-29', '2024-01-29'),
(16, 7, 8, 300, '2024X01X29X13X00X5675254.png', 'Chapters', 'Pendding', NULL, '2024-01-29', '2024-01-29'),
(17, 7, 8, 300, '2024X01X29X13X01X5242194.png', 'Chapters', 'Pendding', NULL, '2024-01-29', '2024-01-29'),
(18, 7, 8, 300, '2024X01X29X13X02X1810384.png', 'Chapters', 'Pendding', NULL, '2024-01-29', '2024-01-29'),
(19, 7, 8, 300, '2024X01X29X13X02X5990354.png', 'Chapters', 'Pendding', NULL, '2024-01-29', '2024-01-29'),
(20, 7, 8, 300, '2024X01X29X13X03X2076884.png', 'Chapters', 'Pendding', NULL, '2024-01-29', '2024-01-29'),
(21, 7, 8, 300, '2024X01X29X13X08X2777064.png', 'Chapters', 'Pendding', NULL, '2024-01-29', '2024-01-29'),
(22, 7, 8, 300, '2024X01X29X13X09X1285114.png', 'Chapters', 'Pendding', NULL, '2024-01-29', '2024-01-29'),
(23, 7, 8, 300, '2024X01X29X13X10X1715834.png', 'Chapters', 'Pendding', NULL, '2024-01-29', '2024-01-29'),
(24, 7, 8, 300, '2024X01X29X13X10X4853924.png', 'Chapters', 'Pendding', NULL, '2024-01-29', '2024-01-29'),
(25, 7, 8, 300, '2024X01X29X13X11X1448174.png', 'Chapters', 'Pendding', NULL, '2024-01-29', '2024-01-29'),
(26, 7, 8, 300, '2024X01X30X07X26X4649074.png', 'Chapters', 'Rejected', NULL, '2024-01-30', '2024-02-05'),
(27, 7, 8, 350, NULL, 'Chapters', 'Pendding', NULL, '2024-02-12', '2024-02-12'),
(28, 7, 8, 100, '2024X02X12X12X51X237693202301101726mvf_dark_logo.png', 'Chapters', 'Pendding', NULL, '2024-02-12', '2024-02-12'),
(29, 7, 8, 100, '2024X02X12X13X15X199673202301101725mvf_dark_logo.png', 'Chapters', 'Pendding', NULL, '2024-02-12', '2024-02-12'),
(30, 7, 8, 550, '2024X02X13X12X59X048766202301101726mvf_dark_logo.png', 'Chapters', 'Rejected', NULL, '2024-02-13', '2024-02-13'),
(31, 7, 8, 60, '2024X02X22X12X38X4710000202301111020C5631746XA3DDX43F6XA634X158716ABFA8B.jpeg', 'Package', 'Pendding', NULL, '2024-02-22', '2024-02-22'),
(32, 7, 8, 60, '2024X02X22X12X39X331211202304300850download.png', 'Package', 'Pendding', NULL, '2024-02-22', '2024-02-22'),
(33, 7, 8, 60, '2024X02X22X12X41X22581202301101725mvf_dark_logo.png', 'Package', 'Pendding', NULL, '2024-02-22', '2024-02-22'),
(34, 7, 8, 400, '2024X02X22X13X19X297222202301111020C5631746XA3DDX43F6XA634X158716ABFA8B.jpeg', 'Chapters', 'Pendding', NULL, '2024-02-22', '2024-02-22'),
(35, 7, 8, 500, '2024X02X24X09X51X30568202301101726mvf_dark_logo.png', 'Chapters', 'Pendding', NULL, '2024-02-24', '2024-02-24'),
(36, 7, 8, 500, '2024X02X24X09X54X31504202301111011mvf_light_logo.png', 'Chapters', 'Pendding', NULL, '2024-02-24', '2024-02-24'),
(37, 7, 8, 500, '2024X02X24X09X55X469681202301111011mvf_light_logo.png', 'Chapters', 'Pendding', NULL, '2024-02-24', '2024-02-24'),
(38, 7, 8, 500, '2024X02X24X09X58X087623202301111011mvf_light_logo.png', 'Chapters', 'Pendding', NULL, '2024-02-24', '2024-02-24'),
(39, 7, 8, 500, '2024X02X24X09X58X296531202301111011mvf_light_logo.png', 'Chapters', 'Pendding', NULL, '2024-02-24', '2024-02-24'),
(40, 7, 8, 500, '2024X02X24X11X28X297125202301111011mvf_light_logo.png', 'Chapters', 'Pendding', NULL, '2024-02-24', '2024-02-24'),
(41, 7, 8, 60, '2024X02X25X14X04X0175577922024X02X19X07X46X04202301101725mvf_dark_logo.png', 'Package', 'Approve', NULL, '2024-02-25', '2024-02-27'),
(42, 7, 8, 60, '2024X02X27X08X35X2155602024X02X19X07X47X0129202301101725mvf_dark_logo.png', 'Package', 'Approve', NULL, '2024-02-27', '2024-02-27'),
(43, 7, 8, 68, '2024X02X28X08X39X35772024X02X19X07X47X0129202301101725mvf_dark_logo.png', 'Chapters', 'Pendding', NULL, '2024-02-28', '2024-02-28'),
(44, 7, 8, 68, '2024X02X28X09X00X5528542024X02X19X07X47X0129202301101725mvf_dark_logo.png', 'Chapters', 'Pendding', NULL, '2024-02-28', '2024-02-28'),
(45, 7, 8, 400, '2024X02X28X09X11X1750042024X02X19X07X47X0129202301101725mvf_dark_logo.png', 'Chapters', 'Pendding', NULL, '2024-02-28', '2024-02-28'),
(46, 7, 8, 400, '2024X02X28X09X12X1653722024X02X19X07X47X0129202301101725mvf_dark_logo.png', 'Chapters', 'Pendding', NULL, '2024-02-28', '2024-02-28'),
(47, 7, 8, 400, '2024X02X28X09X14X1064582024X02X19X07X47X0129202301101725mvf_dark_logo.png', 'Chapters', 'Pendding', NULL, '2024-02-28', '2024-02-28'),
(48, 7, 8, 400, '2024X02X28X09X14X179652024X02X19X07X47X0129202301101725mvf_dark_logo.png', 'Chapters', 'Pendding', NULL, '2024-02-28', '2024-02-28'),
(49, 7, 8, 400, '2024X02X28X09X14X3066252024X02X19X07X47X0129202301101725mvf_dark_logo.png', 'Chapters', 'Pendding', NULL, '2024-02-28', '2024-02-28'),
(50, 7, 8, 500, '2024X02X28X09X28X3088652024X02X19X07X47X0129202301101725mvf_dark_logo.png', 'Chapters', 'Pendding', NULL, '2024-02-28', '2024-02-28'),
(51, 7, 8, 500, '2024X02X28X09X31X3315882024X02X19X07X47X0129202301101725mvf_dark_logo.png', 'Chapters', 'Pendding', NULL, '2024-02-28', '2024-02-28'),
(52, 7, 8, 500, '2024X02X28X09X32X4651172024X02X19X07X47X0129202301101725mvf_dark_logo.png', 'Chapters', 'Pendding', NULL, '2024-02-28', '2024-02-28'),
(53, 7, 8, 500, '2024X02X28X09X40X2712732024X02X19X07X47X0129202301101725mvf_dark_logo.png', 'Chapters', 'Pendding', NULL, '2024-02-28', '2024-02-28'),
(54, 7, 8, 500, '2024X02X28X09X44X0899562024X02X19X07X47X0129202301101725mvf_dark_logo.png', 'Chapters', 'Pendding', NULL, '2024-02-28', '2024-02-28'),
(55, 7, 8, 500, '2024X02X28X09X44X5762522024X02X19X07X47X0129202301101725mvf_dark_logo.png', 'Chapters', 'Pendding', NULL, '2024-02-28', '2024-02-28'),
(56, 7, 8, 500, '2024X02X28X09X45X1078692024X02X19X07X47X0129202301101725mvf_dark_logo.png', 'Chapters', 'Pendding', NULL, '2024-02-28', '2024-02-28'),
(57, 7, 8, 500, '2024X02X28X09X47X2725422024X02X19X07X47X0129202301101725mvf_dark_logo.png', 'Chapters', 'Pendding', NULL, '2024-02-28', '2024-02-28'),
(58, 7, 8, 500, '2024X02X28X09X49X5766112024X02X19X07X47X0129202301101725mvf_dark_logo.png', 'Chapters', 'Pendding', NULL, '2024-02-28', '2024-02-28'),
(59, 7, 8, 400, '2024X02X28X09X50X3424812024X02X19X07X47X0129202301101725mvf_dark_logo.png', 'Chapters', 'Pendding', NULL, '2024-02-28', '2024-02-28'),
(60, 7, 8, 400, '2024X02X28X09X50X5243942024X02X19X07X47X0129202301101725mvf_dark_logo.png', 'Chapters', 'Pendding', NULL, '2024-02-28', '2024-02-28'),
(61, 7, 8, 400, '2024X02X28X09X51X0395002024X02X19X07X47X0129202301101725mvf_dark_logo.png', 'Chapters', 'Pendding', NULL, '2024-02-28', '2024-02-28'),
(62, 7, 8, 400, '2024X02X28X09X51X3374182024X02X19X07X47X0129202301101725mvf_dark_logo.png', 'Chapters', 'Pendding', NULL, '2024-02-28', '2024-02-28'),
(63, 7, 8, 60, '2024X02X29X10X02X0355692024X02X19X07X47X0129202301101725mvf_dark_logo.png', 'Package', 'Rejected', 'sdfsdfsd', '2024-02-29', '2024-03-13'),
(64, 7, 8, 60, '2024X02X29X10X03X1477212024X02X19X07X47X0129202301101725mvf_dark_logo.png', 'Package', 'Approve', NULL, '2024-02-29', '2024-02-29'),
(65, 7, 8, 60, '2024X02X29X10X03X5515912024X02X19X07X47X0129202301101725mvf_dark_logo.png', 'Package', 'Approve', NULL, '2024-02-29', '2024-02-29'),
(66, 7, 8, 60, '2024X02X29X10X04X386382024X02X19X07X47X0129202301101725mvf_dark_logo.png', 'Package', 'Approve', NULL, '2024-02-29', '2024-02-29'),
(67, 7, 8, 111, '2024X02X29X12X13X2837192024X02X19X07X47X0129202301101725mvf_dark_logo.png', 'Package', 'Approve', NULL, '2024-02-29', '2024-02-29'),
(68, 7, 8, 111, '2024X02X29X12X19X0299222024X02X19X07X47X0129202301101725mvf_dark_logo.png', 'Package', 'Approve', NULL, '2024-02-29', '2024-02-29'),
(69, 7, 8, 60, '2024X02X29X12X29X2282812024X02X19X07X47X0129202301101725mvf_dark_logo.png', 'Package', 'Approve', NULL, '2024-02-29', '2024-02-29'),
(70, 7, 8, 57, NULL, 'Chapters', 'Pendding', NULL, '2024-03-07', '2024-03-07'),
(71, 7, 8, 57, NULL, 'Chapters', 'Pendding', NULL, '2024-03-07', '2024-03-07'),
(72, 7, 8, 57, NULL, 'Chapters', 'Pendding', NULL, '2024-03-07', '2024-03-07'),
(73, 7, 8, 400, NULL, 'Chapters', 'Pendding', NULL, '2024-03-07', '2024-03-07'),
(74, 7, 8, 400, NULL, 'Chapters', 'Pendding', NULL, '2024-03-07', '2024-03-07'),
(75, 7, 8, 400, NULL, 'Chapters', 'Pendding', NULL, '2024-03-07', '2024-03-07'),
(76, 7, 8, 400, NULL, 'Chapters', 'Pendding', NULL, '2024-03-07', '2024-03-07'),
(77, 7, 8, 400, NULL, 'Chapters', 'Pendding', NULL, '2024-03-07', '2024-03-07'),
(78, 7, 8, 400, NULL, 'Chapters', 'Pendding', NULL, '2024-03-07', '2024-03-07'),
(79, 7, 8, 400, NULL, 'Chapters', 'Pendding', NULL, '2024-03-07', '2024-03-07'),
(80, 7, 8, 400, NULL, 'Chapters', 'Pendding', NULL, '2024-03-07', '2024-03-07'),
(81, 7, 8, 400, NULL, 'Chapters', 'Pendding', NULL, '2024-03-07', '2024-03-07'),
(82, 7, 8, 400, NULL, 'Chapters', 'Pendding', NULL, '2024-03-07', '2024-03-07'),
(83, 7, 8, 400, NULL, 'Chapters', 'Pendding', NULL, '2024-03-07', '2024-03-07'),
(84, 7, 8, 400, NULL, 'Chapters', 'Pendding', NULL, '2024-03-07', '2024-03-07'),
(85, 7, 8, 68, NULL, 'Chapters', 'Pendding', NULL, '2024-03-07', '2024-03-07'),
(86, 7, 8, 68, NULL, 'Chapters', 'Pendding', NULL, '2024-03-07', '2024-03-07'),
(87, 7, 8, 68, NULL, 'Chapters', 'Pendding', NULL, '2024-03-07', '2024-03-07'),
(88, 7, 8, 68, NULL, 'Chapters', 'Approve', NULL, '2024-03-07', '2024-03-07'),
(89, 7, 8, 60, NULL, 'Package', 'Approve', NULL, '2024-03-07', '2024-03-07'),
(90, 7, 8, 60, NULL, 'Package', 'Approve', NULL, '2024-03-07', '2024-03-07'),
(91, 7, 8, 60, NULL, 'Package', 'Approve', NULL, '2024-03-07', '2024-03-07'),
(92, 7, 8, 60, NULL, 'Package', 'Approve', NULL, '2024-03-07', '2024-03-07'),
(93, 7, 8, 111, NULL, 'Package', 'Approve', NULL, '2024-03-07', '2024-03-07'),
(94, 7, 8, 111, NULL, 'Package', 'Approve', NULL, '2024-03-14', '2024-03-14'),
(95, 7, 8, 111, NULL, 'Package', 'Approve', NULL, '2024-03-14', '2024-03-14'),
(96, 7, 8, 111, NULL, 'Package', 'Approve', NULL, '2024-03-14', '2024-03-14'),
(97, 7, 8, 111, NULL, 'Package', 'Approve', NULL, '2024-03-15', '2024-03-15'),
(98, 7, 8, 60, NULL, 'Package', 'Approve', NULL, '2024-03-15', '2024-03-15'),
(99, 7, 8, 111, NULL, 'Package', 'Approve', NULL, '2024-03-16', '2024-03-16'),
(100, NULL, 8, 111, NULL, 'Package', 'Approve', NULL, '2024-03-23', '2024-03-23'),
(101, NULL, 8, 111, NULL, 'Package', 'Approve', NULL, '2024-03-26', '2024-03-26'),
(102, NULL, 8, 111, NULL, 'Package', 'Approve', NULL, '2024-03-26', '2024-03-26'),
(103, NULL, 8, 111, NULL, 'Package', 'Approve', NULL, '2024-03-26', '2024-03-26'),
(104, NULL, 8, 111, NULL, 'Package', 'Approve', NULL, '2024-03-26', '2024-03-26'),
(105, NULL, 8, 111, NULL, 'Package', 'Approve', NULL, '2024-03-26', '2024-03-26'),
(106, NULL, 8, 111, NULL, 'Package', 'Approve', NULL, '2024-03-26', '2024-03-26'),
(107, NULL, 8, 60, NULL, 'Package', 'Approve', NULL, '2024-03-27', '2024-03-27'),
(108, NULL, 8, 570, NULL, 'Chapters', 'Approve', NULL, '2024-03-27', '2024-03-27');

-- --------------------------------------------------------

--
-- Table structure for table `payouts`
--

CREATE TABLE `payouts` (
  `id` bigint(20) UNSIGNED NOT NULL,
  `date` date NOT NULL,
  `affilate_id` bigint(20) UNSIGNED NOT NULL,
  `amount` float NOT NULL,
  `payment_method` bigint(20) UNSIGNED DEFAULT NULL,
  `statue` enum('pendding','approve','rejected') NOT NULL DEFAULT 'pendding',
  `created_at` date DEFAULT NULL,
  `updated_at` date DEFAULT NULL
) ENGINE=InnoDB DEFAULT CHARSET=utf8 COLLATE=utf8_general_ci;

--
-- Dumping data for table `payouts`
--

INSERT INTO `payouts` (`id`, `date`, `affilate_id`, `amount`, `payment_method`, `statue`, `created_at`, `updated_at`) VALUES
(1, '2024-01-16', 1, 200, 2, 'approve', NULL, '2024-01-27');

-- --------------------------------------------------------

--
-- Table structure for table `permissions`
--

CREATE TABLE `permissions` (
  `id` bigint(20) UNSIGNED NOT NULL,
  `name` varchar(191) NOT NULL,
  `guard_name` varchar(191) NOT NULL,
  `created_at` timestamp NULL DEFAULT NULL,
  `updated_at` timestamp NULL DEFAULT NULL
) ENGINE=InnoDB DEFAULT CHARSET=utf8mb4 COLLATE=utf8mb4_unicode_ci;

-- --------------------------------------------------------

--
-- Table structure for table `personal_access_tokens`
--

CREATE TABLE `personal_access_tokens` (
  `id` bigint(20) UNSIGNED NOT NULL,
  `tokenable_type` varchar(191) NOT NULL,
  `tokenable_id` bigint(20) UNSIGNED NOT NULL,
  `name` varchar(191) NOT NULL,
  `token` varchar(64) NOT NULL,
  `abilities` text DEFAULT NULL,
  `last_used_at` timestamp NULL DEFAULT NULL,
  `expires_at` timestamp NULL DEFAULT NULL,
  `created_at` timestamp NULL DEFAULT NULL,
  `updated_at` timestamp NULL DEFAULT NULL
) ENGINE=InnoDB DEFAULT CHARSET=utf8mb4 COLLATE=utf8mb4_unicode_ci;

--
-- Dumping data for table `personal_access_tokens`
--

INSERT INTO `personal_access_tokens` (`id`, `tokenable_type`, `tokenable_id`, `name`, `token`, `abilities`, `last_used_at`, `expires_at`, `created_at`, `updated_at`) VALUES
(1, 'App\\Models\\User', 3, 'user', 'bbc09c6cd30d9b181974add3cfa31822cb433c24c8ea7a82b7752d867a8272b8', '[\"*\"]', NULL, NULL, '2023-12-26 11:36:12', '2023-12-26 11:36:12'),
(2, 'App\\Models\\User', 3, 'user', '69aea65dde048e556656dae788ffb98455457aa4cd36bda1f32a6acfcd6116d0', '[\"*\"]', NULL, NULL, '2023-12-26 11:38:02', '2023-12-26 11:38:02'),
(3, 'App\\Models\\User', 3, 'user', '228204018da2a9a74f5b9dd7d7ae316fb74f5e1d0b1d09ce4e696e4dedd6ca2c', '[\"*\"]', NULL, NULL, '2023-12-26 11:43:56', '2023-12-26 11:43:56'),
(4, 'App\\Models\\User', 3, 'user', 'd6ce215c2b1c6f5e333a03cce59eeb2a81acf3a1376a6a415976326f54ba45e0', '[\"*\"]', NULL, NULL, '2023-12-26 11:49:12', '2023-12-26 11:49:12'),
(5, 'App\\Models\\User', 3, 'user', 'fbb181f9597e41139789d1d9ca87d57c157ab126a34576e6807eda84abef656c', '[\"*\"]', NULL, NULL, '2023-12-26 11:50:53', '2023-12-26 11:50:53'),
(6, 'App\\Models\\User', 3, 'user', 'bc53e4026a08f1369eca591ff4d8ec20a80c0d1dc9b8130371d1b16ab994d290', '[\"*\"]', NULL, NULL, '2023-12-26 11:59:50', '2023-12-26 11:59:50'),
(7, 'App\\Models\\User', 3, 'user', '6af346ba5cbd724a37c6b8598dd426e2c28497b9c5e6d704efcd7ab3636bcb47', '[\"*\"]', NULL, NULL, '2023-12-26 12:00:14', '2023-12-26 12:00:14'),
(8, 'App\\Models\\User', 3, 'user', '9d5f52e338ec3bb7b1db634da7b8dcc476c8c82cf0aa6577c8896d8ce269fde0', '[\"*\"]', NULL, NULL, '2023-12-26 12:02:00', '2023-12-26 12:02:00'),
(9, 'App\\Models\\User', 3, 'user', '9b7d7ff71c6bfcc838bc999ae5c7a240d4bfbf37dc49d3c779457a53107f519f', '[\"*\"]', NULL, NULL, '2023-12-26 12:09:14', '2023-12-26 12:09:14'),
(10, 'App\\Models\\User', 3, 'user', '4e744b3be548780feb12e555fda87e352741c0b6514be2dc45aef03e7bbc5604', '[\"*\"]', NULL, NULL, '2023-12-26 12:09:33', '2023-12-26 12:09:33'),
(11, 'App\\Models\\User', 3, 'user', '8ae93bef6941dbaabd3994f08fecaa7019ae121c4abf3f4982bf6492cc17c6de', '[\"*\"]', NULL, NULL, '2023-12-26 12:17:52', '2023-12-26 12:17:52'),
(12, 'App\\Models\\User', 3, 'user', '28843eec2cd0f9dd31bd47b3523f114b5ff4cb76ca55039c396a71a5e558e00e', '[\"*\"]', NULL, NULL, '2023-12-26 12:18:44', '2023-12-26 12:18:44'),
(13, 'App\\Models\\User', 3, 'user', '890fed41874187a959ac479d687195e19976a89743e3f4142fbe7e2b480db2d8', '[\"*\"]', NULL, NULL, '2023-12-27 05:18:24', '2023-12-27 05:18:24'),
(14, 'App\\Models\\User', 3, 'user', 'f383a0db3de63c090a03406e6854629dcdc49470e3a37d68fed4530c4101483a', '[\"*\"]', NULL, NULL, '2023-12-27 05:38:04', '2023-12-27 05:38:04'),
(15, 'App\\Models\\User', 3, 'user', 'dc93f83f5bf50d6c88230623f0474e22aaea4ac51e2ae52a92a750466e6348d9', '[\"*\"]', NULL, NULL, '2023-12-27 06:52:42', '2023-12-27 06:52:42'),
(16, 'App\\Models\\User', 3, 'user', '18ac595b32677ff73128d3e8df5462f6dbea3b071b7b8f8f2dfe8f9d3bd49b3c', '[\"*\"]', NULL, NULL, '2023-12-28 05:14:28', '2023-12-28 05:14:28'),
(17, 'App\\Models\\User', 3, 'user', '4e01b781744d8ff3d17f875d8f62f2bb9e59e368d2781cf9dab1ae6e65e5bf6c', '[\"*\"]', NULL, NULL, '2023-12-28 06:04:15', '2023-12-28 06:04:15'),
(18, 'App\\Models\\User', 3, 'user', '014ad88c516a9ab4d47e53d6038c147fcf5dbde2340a9aa75cf3f83d95f597dc', '[\"*\"]', NULL, NULL, '2023-12-28 07:24:10', '2023-12-28 07:24:10'),
(19, 'App\\Models\\User', 3, 'user', '1329f18699b3175a738daa4fcfa844e6de22021a4b45c8533e5e1f544d7fecf1', '[\"*\"]', NULL, NULL, '2023-12-28 07:54:58', '2023-12-28 07:54:58'),
(20, 'App\\Models\\User', 3, 'user', 'c233f9ce3716e2f7bf41c9cd5fee6e5dd628b3a167490b0a1280c75e995a1875', '[\"*\"]', NULL, NULL, '2023-12-28 07:55:29', '2023-12-28 07:55:29'),
(21, 'App\\Models\\User', 3, 'user', 'ef75136f3d7910a2855aa7bedcd40304ac2363c7efc5624c3750b58086360898', '[\"*\"]', NULL, NULL, '2023-12-30 06:04:33', '2023-12-30 06:04:33'),
(22, 'App\\Models\\User', 3, 'user', '84074b2b6bf0eb540f1165b8140df283522b4957f51122e5cbefb4aa66308d42', '[\"*\"]', NULL, NULL, '2023-12-30 09:05:46', '2023-12-30 09:05:46'),
(23, 'App\\Models\\User', 3, 'user', 'cd5d03a7b6680940058985c5ece10cc7dc9a02172e165222607778484fca2cd5', '[\"*\"]', NULL, NULL, '2023-12-30 10:14:35', '2023-12-30 10:14:35'),
(24, 'App\\Models\\User', 19, 'user', '6af3e39d32f2ff2e0c7974a74e93b802c5e7fa4d8d19edd56f352a94d15e44aa', '[\"*\"]', NULL, NULL, '2023-12-30 11:56:55', '2023-12-30 11:56:55'),
(25, 'App\\Models\\User', 20, 'user', '4b4ef02966b59740e721ae15f4e7ab05d7692aa2dec5f1323abc65b48d39f144', '[\"*\"]', NULL, NULL, '2023-12-30 12:04:40', '2023-12-30 12:04:40'),
(26, 'App\\Models\\User', 21, 'user', '60e176dd2ded580d3039ae3aa5839e26ccdd9f8383d45291440c8b714bb0f50a', '[\"*\"]', NULL, NULL, '2023-12-30 12:07:06', '2023-12-30 12:07:06'),
(27, 'App\\Models\\User', 24, 'user', '356e919b05493f79e8b13985193da9522de772973a71469c5a996706da469ce3', '[\"*\"]', NULL, NULL, '2023-12-30 12:10:19', '2023-12-30 12:10:19'),
(28, 'App\\Models\\User', 26, 'user', '3672f9556bed1deb15ec5826be78fff985b52fe72757240de2cefbc0c192dc2c', '[\"*\"]', NULL, NULL, '2023-12-30 12:13:43', '2023-12-30 12:13:43'),
(29, 'App\\Models\\User', 28, 'user', '5463d4727ee521ed574e06531964cef828e5506e664cb0c4f564f835925340c3', '[\"*\"]', NULL, NULL, '2023-12-30 12:15:51', '2023-12-30 12:15:51'),
(30, 'App\\Models\\User', 29, 'user', '3ba63f4bdb1be5f13df54f56e1e162963c6f62fb2a8f73aed2fe637555612988', '[\"*\"]', NULL, NULL, '2023-12-30 12:21:52', '2023-12-30 12:21:52'),
(31, 'App\\Models\\User', 30, 'user', 'd964fcc5bf2c7c2ce7d3368e9e5862806cfefc5c9c5bcac66753a4cc72dc39e1', '[\"*\"]', NULL, NULL, '2023-12-30 12:24:24', '2023-12-30 12:24:24'),
(32, 'App\\Models\\User', 31, 'user', 'f61db1cdbef43720aca234f3ac60b088720549aa34a3215e36c5464604db67b9', '[\"*\"]', NULL, NULL, '2023-12-30 12:27:10', '2023-12-30 12:27:10'),
(33, 'App\\Models\\User', 32, 'user', '02cf0b84bc3402daac9f36a408b4856d0765e1332f178c3fb282d98d7fe4646d', '[\"*\"]', NULL, NULL, '2023-12-30 12:34:03', '2023-12-30 12:34:03'),
(34, 'App\\Models\\User', 33, 'user', '159f37926944efcb8477938b951673b68fe1226f7779564487678c6cccba4af6', '[\"*\"]', NULL, NULL, '2023-12-30 12:34:51', '2023-12-30 12:34:51'),
(35, 'App\\Models\\User', 3, 'user', '599109d078b6db3452e8b8f3579e5d37b9f06e202b0f4fa83189b3d3e1c44fe6', '[\"*\"]', NULL, NULL, '2023-12-30 12:44:37', '2023-12-30 12:44:37'),
(36, 'App\\Models\\User', 3, 'user', '403b97d39ee490f615d5bc6ece0f7a81468b6b38dca380b45e2c9e4c2d5b8aa7', '[\"*\"]', NULL, NULL, '2023-12-30 12:47:45', '2023-12-30 12:47:45'),
(37, 'App\\Models\\User', 34, 'user', 'd222e9e682b1e2741011f079a500965f1fe01c08d049c3f587be5c5517d30c67', '[\"*\"]', NULL, NULL, '2023-12-30 12:50:01', '2023-12-30 12:50:01'),
(38, 'App\\Models\\User', 35, 'user', '2ddb29d82f9c64fcde42803d613c08ef5fa245d4ada9c6c079488fb30fdfbef0', '[\"*\"]', NULL, NULL, '2023-12-30 12:51:40', '2023-12-30 12:51:40'),
(39, 'App\\Models\\User', 39, 'user', '0af2eb8d18c396f4a6b9126682a5df000043c7ac433d0c1853fd36571e735554', '[\"*\"]', NULL, NULL, '2023-12-31 06:08:08', '2023-12-31 06:08:08'),
(40, 'App\\Models\\User', 41, 'user', 'dbb903dfe2e971719f87a2b38a83e1656549c9e30c202fdfc5e5dbf3f430a20c', '[\"*\"]', NULL, NULL, '2023-12-31 06:11:42', '2023-12-31 06:11:42'),
(41, 'App\\Models\\User', 42, 'user', '8c68544f6ea3b955669fd53f5cb38ac4dadc00dc8ee10c6ad9f3d201c28ecb0e', '[\"*\"]', NULL, NULL, '2023-12-31 06:26:03', '2023-12-31 06:26:03'),
(42, 'App\\Models\\User', 43, 'user', '6326b2622c521fc15a909e4c1da7b4e4dcd76eb538b48cc65414b4c359be6044', '[\"*\"]', NULL, NULL, '2023-12-31 06:29:13', '2023-12-31 06:29:13'),
(43, 'App\\Models\\User', 44, 'user', '5b8227c8b00d644def452d432a8cb0521d31f4c1fba20cd76968e6cfc6814e88', '[\"*\"]', NULL, NULL, '2023-12-31 06:31:28', '2023-12-31 06:31:28'),
(44, 'App\\Models\\User', 45, 'user', '6e1fdedd86a89711f93cba3362f1822a67830d2b87547f6414fbe09fa7753474', '[\"*\"]', NULL, NULL, '2023-12-31 06:32:50', '2023-12-31 06:32:50'),
(45, 'App\\Models\\User', 46, 'user', '5d1dd3a709d6e9c3a83cec1e9a2fedb4e0c4207c4a946c1ceb99b4ae3aedf34a', '[\"*\"]', NULL, NULL, '2023-12-31 06:33:52', '2023-12-31 06:33:52'),
(46, 'App\\Models\\User', 47, 'user', '77efc28f9d2907d9cc74e0d946fd49db44449c3e603a55eb6c1c5237c123a252', '[\"*\"]', NULL, NULL, '2023-12-31 06:35:30', '2023-12-31 06:35:30'),
(47, 'App\\Models\\User', 48, 'user', 'caa1fd159fabd0fa9d157b844686e1004bd6cc0ca7e53b94972f77555a948030', '[\"*\"]', NULL, NULL, '2023-12-31 06:46:12', '2023-12-31 06:46:12'),
(48, 'App\\Models\\User', 49, 'user', 'b7728ad57ecdb10aa651d291575cfcea40446e584a8a116041ea12a2357c2205', '[\"*\"]', NULL, NULL, '2023-12-31 07:04:43', '2023-12-31 07:04:43'),
(49, 'App\\Models\\User', 3, 'user', '89008a946afd23384db0954d80abc0d318b2afd2b8364c638466582010a5c795', '[\"*\"]', NULL, NULL, '2023-12-31 07:18:44', '2023-12-31 07:18:44'),
(50, 'App\\Models\\User', 50, 'user', 'dc7596a02265b9ecc76a24b76b61032d26bbe67f23f8f4e7ac051246cc77d4a2', '[\"*\"]', NULL, NULL, '2023-12-31 09:09:09', '2023-12-31 09:09:09'),
(51, 'App\\Models\\User', 51, 'user', '5643ee987d2e55eb4d4d8cbd0258790b6ba6931de38596c0abc95044ff6e2bb0', '[\"*\"]', NULL, NULL, '2023-12-31 09:12:25', '2023-12-31 09:12:25'),
(52, 'App\\Models\\User', 52, 'user', '4e8682e0c63b280fb3814f8ebf8ffa7b71598a7d2a5ea3fd384ce0495fc63a48', '[\"*\"]', NULL, NULL, '2023-12-31 09:22:30', '2023-12-31 09:22:30'),
(53, 'App\\Models\\User', 3, 'user', 'ee8371348039a23df4a967958911e1bd2f115eeff75e85db7b709f8f0585075c', '[\"*\"]', NULL, NULL, '2023-12-31 09:22:46', '2023-12-31 09:22:46'),
(54, 'App\\Models\\User', 53, 'user', 'a199fc812b56df0184f3ee3fdb1f1930f6c7ea4d45bb8b2ff4dd284fdf159b43', '[\"*\"]', NULL, NULL, '2023-12-31 09:25:18', '2023-12-31 09:25:18'),
(55, 'App\\Models\\User', 54, 'user', '8d32833964cf32bc71538821e24e4bfaed9e1bd2b2507d85e60be307088bb474', '[\"*\"]', NULL, NULL, '2023-12-31 09:31:19', '2023-12-31 09:31:19'),
(56, 'App\\Models\\User', 55, 'user', 'b35bace04846a636042bb62f08eb3895636276ef5c5cc5fe32763ba9004ec72a', '[\"*\"]', NULL, NULL, '2023-12-31 09:34:08', '2023-12-31 09:34:08'),
(57, 'App\\Models\\User', 56, 'user', 'aa7d9188071449df07aa88ce84d347750daf644ea522b657356da40307aced12', '[\"*\"]', NULL, NULL, '2023-12-31 09:36:24', '2023-12-31 09:36:24'),
(58, 'App\\Models\\User', 3, 'user', 'bceeb27832292746b6fcb5788a6c31d3ab9e989c4917fbd082e90b0cfc304bb2', '[\"*\"]', NULL, NULL, '2023-12-31 09:43:21', '2023-12-31 09:43:21'),
(59, 'App\\Models\\User', 3, 'user', '0bd09b651d1d6613cee44be4f9c13489e7c96e7c10cd12586ba909ff6c9696a9', '[\"*\"]', NULL, NULL, '2024-01-01 05:05:14', '2024-01-01 05:05:14'),
(60, 'App\\Models\\User', 3, 'user', '092d538704b2747960f6bf43b9aa793d996595145d751cbc8d2838d3541c988a', '[\"*\"]', NULL, NULL, '2024-01-01 05:27:39', '2024-01-01 05:27:39'),
(61, 'App\\Models\\User', 3, 'user', '87dd6099d278905612f80781e09ac46cdc90457a205d3adb4dc5c16b942cfa18', '[\"*\"]', NULL, NULL, '2024-01-01 05:32:21', '2024-01-01 05:32:21'),
(62, 'App\\Models\\User', 3, 'user', '71bded3b51bf2e7efea4e7dbd30c6d69f2f48433ea5a2adfac76e363d385a1a0', '[\"*\"]', NULL, NULL, '2024-01-01 05:34:16', '2024-01-01 05:34:16'),
(63, 'App\\Models\\User', 3, 'user', 'd0869d14caaa063673c332bf1cf663524d2c7acb9de8bb0ca1ff2a099a54ee91', '[\"*\"]', NULL, NULL, '2024-01-01 06:01:13', '2024-01-01 06:01:13'),
(64, 'App\\Models\\User', 3, 'user', 'e58f3937773d4b9580b3ef1b18c8ccdf8758a1be48849963a226894e93d6e242', '[\"*\"]', NULL, NULL, '2024-01-01 09:47:51', '2024-01-01 09:47:51'),
(72, 'App\\Models\\User', 59, 'user', 'ce05c06e8a2b40099b2b733f3018fa7790c0366688631259d9adf4d6bd0caff0', '[\"*\"]', NULL, NULL, '2024-01-03 07:52:53', '2024-01-03 07:52:53'),
(351, 'App\\Models\\User', 68, 'user', 'adacddd5a184cf4ed638bce8408862d2acb2f432b58f3166506ec0d2b8a7cbd9', '[\"*\"]', NULL, NULL, '2024-03-23 07:58:53', '2024-03-23 07:58:53'),
(354, 'App\\Models\\User', 68, 'user', '78c401b3408e38d9c0472367bfe8aab0a3b477e558d5ff46ae553b580c718ec5', '[\"*\"]', NULL, NULL, '2024-03-23 08:46:26', '2024-03-23 08:46:26'),
(356, 'App\\Models\\User', 68, 'user', '53bb0516214740f1cbfe99363070ed0e432db48bea9371732b098652947c4b8a', '[\"*\"]', NULL, NULL, '2024-03-23 08:58:52', '2024-03-23 08:58:52'),
(372, 'App\\Models\\User', 8, 'user', 'd626f35d49791bafa12fbf5b570d3b5b0f6734153cb0d4ef694a7c8f60e8a290', '[\"*\"]', NULL, NULL, '2024-03-26 06:26:44', '2024-03-26 06:26:44'),
(373, 'App\\Models\\User', 8, 'user', '26629136c145bdc83239b177fd060460e049e367190d17810bc3b70503db1dc0', '[\"*\"]', NULL, NULL, '2024-03-26 09:06:12', '2024-03-26 09:06:12'),
(374, 'App\\Models\\User', 8, 'personal access tokens', 'f9431bc6b099488aaad8fa13a3fa0be6e4c30ae7cb0b650c0acdd74d79dceeaf', '[\"*\"]', '2024-03-26 11:04:07', NULL, '2024-03-26 09:27:02', '2024-03-26 11:04:07'),
(375, 'App\\Models\\User', 8, 'personal access tokens', 'f9c26e0713f8adc0a4bde9efaa6de9ce6f3f061f6719299205b34a81f51f4d92', '[\"*\"]', NULL, NULL, '2024-03-26 11:24:17', '2024-03-26 11:24:17'),
(376, 'App\\Models\\User', 8, 'personal access tokens', '89f568370538c39fe942898687c850515cb4ad442d40fcc3fd43dc5ffae1183a', '[\"*\"]', '2024-03-26 11:35:03', NULL, '2024-03-26 11:24:37', '2024-03-26 11:35:03'),
(377, 'App\\Models\\User', 8, 'user', '39eb012ac2efe3126dd8af200a13469bc78030f2c966609695f28b078f4f0913', '[\"*\"]', NULL, NULL, '2024-03-27 06:44:09', '2024-03-27 06:44:09'),
(378, 'App\\Models\\User', 8, 'user', '0f0f519ba783cae1d5b264b2f728ff9ae846919bc683891b0285f2efd6721d63', '[\"*\"]', NULL, NULL, '2024-03-27 06:58:21', '2024-03-27 06:58:21'),
(379, 'App\\Models\\User', 68, 'personal access tokens', 'c79ffdc1c890d57fba46af160360b04fcf85db1765770b3fd6d7830625e22a98', '[\"*\"]', '2024-03-27 09:52:02', NULL, '2024-03-27 09:51:06', '2024-03-27 09:52:02'),
(380, 'App\\Models\\User', 68, 'user', 'cdbf7e7e5aafe6e526b2615a0afd194714a87484cfecad120a62f199c95b8ad8', '[\"*\"]', NULL, NULL, '2024-03-27 10:16:53', '2024-03-27 10:16:53'),
(381, 'App\\Models\\User', 8, 'user', '996be8d25f6c9ba287e54db0ab9fa2a1a8dbc51276d20db74a1c7929dc285e49', '[\"*\"]', NULL, NULL, '2024-03-27 10:25:48', '2024-03-27 10:25:48'),
(382, 'App\\Models\\User', 68, 'user', 'de595f35a791ec943dd6d06ec3eeb11c110167fb6dae8d6794f7200b54cbe168', '[\"*\"]', NULL, NULL, '2024-03-27 10:27:40', '2024-03-27 10:27:40'),
(383, 'App\\Models\\User', 8, 'user', 'bf8ed786df26ecab364521fea49b159930f7ea723f4b6495b5fe9a4434666d81', '[\"*\"]', NULL, NULL, '2024-03-27 10:48:53', '2024-03-27 10:48:53');

-- --------------------------------------------------------

--
-- Table structure for table `private_request`
--

CREATE TABLE `private_request` (
  `id` bigint(20) UNSIGNED NOT NULL,
  `user_id` bigint(20) UNSIGNED NOT NULL,
  `date` date NOT NULL,
  `from` time NOT NULL,
  `to` time NOT NULL,
  `teacher_id` bigint(20) UNSIGNED NOT NULL,
  `status` enum('Confirm','Pendding','Rejected') NOT NULL DEFAULT 'Pendding',
  `rejected_reason` text DEFAULT NULL,
  `created_at` date DEFAULT NULL,
  `updated_at` date DEFAULT NULL
) ENGINE=InnoDB DEFAULT CHARSET=utf8mb4 COLLATE=utf8mb4_general_ci;

--
-- Dumping data for table `private_request`
--

INSERT INTO `private_request` (`id`, `user_id`, `date`, `from`, `to`, `teacher_id`, `status`, `rejected_reason`, `created_at`, `updated_at`) VALUES
(1, 5, '2023-11-08', '10:44:21', '12:45:21', 44, 'Confirm', NULL, NULL, '2024-02-13');

-- --------------------------------------------------------

--
-- Table structure for table `promo_codes`
--

CREATE TABLE `promo_codes` (
  `id` bigint(20) UNSIGNED NOT NULL,
  `name` varchar(255) NOT NULL,
  `discount` float NOT NULL DEFAULT 0,
  `starts` date DEFAULT NULL,
  `ends` date DEFAULT NULL,
  `code` varchar(255) DEFAULT NULL,
  `num_usage` int(11) DEFAULT NULL,
  `created_at` date DEFAULT NULL,
  `updated_at` date DEFAULT NULL
) ENGINE=InnoDB DEFAULT CHARSET=utf8mb4 COLLATE=utf8mb4_general_ci;

--
-- Dumping data for table `promo_codes`
--

INSERT INTO `promo_codes` (`id`, `name`, `discount`, `starts`, `ends`, `code`, `num_usage`, `created_at`, `updated_at`) VALUES
(2, 'Promo 1', 2.5, '2024-01-02', '2024-03-31', 'cxz1', 2, NULL, '2024-03-12'),
(5, 'admin@gmail.com', 22, '2024-01-11', '2024-01-23', 'cxz1', 22, '2024-01-23', '2024-01-23');

-- --------------------------------------------------------

--
-- Table structure for table `promo_courses`
--

CREATE TABLE `promo_courses` (
  `id` bigint(20) UNSIGNED NOT NULL,
  `promo_id` bigint(20) UNSIGNED NOT NULL,
  `course_id` bigint(20) UNSIGNED NOT NULL,
  `created_at` date NOT NULL,
  `updated_at` date NOT NULL
) ENGINE=InnoDB DEFAULT CHARSET=utf8mb4 COLLATE=utf8mb4_general_ci;

--
-- Dumping data for table `promo_courses`
--

INSERT INTO `promo_courses` (`id`, `promo_id`, `course_id`, `created_at`, `updated_at`) VALUES
(6, 5, 4, '2024-01-23', '2024-01-23'),
(9, 2, 2, '2024-01-23', '2024-01-23');

-- --------------------------------------------------------

--
-- Table structure for table `promo_users`
--

CREATE TABLE `promo_users` (
  `id` bigint(20) UNSIGNED NOT NULL,
  `user_id` bigint(20) UNSIGNED NOT NULL,
  `promo_id` bigint(20) UNSIGNED NOT NULL,
  `created_at` date DEFAULT NULL,
  `updated_at` date DEFAULT NULL
) ENGINE=InnoDB DEFAULT CHARSET=utf8mb4 COLLATE=utf8mb4_general_ci;

-- --------------------------------------------------------

--
-- Table structure for table `questions`
--

CREATE TABLE `questions` (
  `id` bigint(20) UNSIGNED NOT NULL,
  `lesson_id` bigint(20) UNSIGNED NOT NULL,
  `question` text DEFAULT NULL,
  `state` enum('0','1','2') NOT NULL,
  `q_url` varchar(255) DEFAULT NULL,
  `q_code` varchar(255) DEFAULT NULL,
  `q_type` enum('Trail','Parallel','Extra') DEFAULT NULL,
  `month` int(11) DEFAULT NULL,
  `q_num` varchar(20) DEFAULT NULL,
  `year` int(11) DEFAULT NULL,
  `section` enum('1','2','3','4') DEFAULT NULL,
  `difficulty` enum('A','B','C','D','E') NOT NULL,
  `ans_type` enum('MCQ','Grid_in') DEFAULT NULL,
  `updated_at` date DEFAULT NULL,
  `created_at` date DEFAULT NULL
) ENGINE=InnoDB DEFAULT CHARSET=utf8 COLLATE=utf8_general_ci;

--
-- Dumping data for table `questions`
--

INSERT INTO `questions` (`id`, `lesson_id`, `question`, `state`, `q_url`, `q_code`, `q_type`, `month`, `q_num`, `year`, `section`, `difficulty`, `ans_type`, `updated_at`, `created_at`) VALUES
(1, 4, 'question 2', '0', NULL, '1234', 'Parallel', 3, '2', 2022, '2', 'A', 'Grid_in', '2024-02-13', '2024-01-29'),
(18, 4, NULL, '1', '2.png', '2', 'Parallel', 3, '21', 2022, '1', 'B', 'MCQ', '2024-02-05', NULL),
(19, 4, 'Question 2', '2', '2.png', 'sad', 'Trail', 3, '4', 2022, '1', 'A', 'MCQ', '2024-01-29', NULL),
(20, 4, 'question 2', '0', NULL, '1234', 'Parallel', 3, '2', 2022, '2', 'A', 'Grid_in', '2024-01-29', '2024-01-29'),
(21, 4, 'question 2', '0', NULL, '1234', 'Parallel', 3, '2', 2022, '2', 'A', 'Grid_in', '2024-01-29', '2024-01-29');

-- --------------------------------------------------------

--
-- Table structure for table `question_history`
--

CREATE TABLE `question_history` (
  `id` bigint(20) UNSIGNED NOT NULL,
  `user_id` bigint(20) UNSIGNED NOT NULL,
  `question_id` bigint(20) UNSIGNED NOT NULL,
  `answer` tinyint(1) NOT NULL,
  `time` time DEFAULT NULL,
  `created_at` datetime DEFAULT NULL,
  `updated_at` datetime DEFAULT NULL
) ENGINE=InnoDB DEFAULT CHARSET=utf8mb4 COLLATE=utf8mb4_general_ci;

--
-- Dumping data for table `question_history`
--

INSERT INTO `question_history` (`id`, `user_id`, `question_id`, `answer`, `time`, `created_at`, `updated_at`) VALUES
(1, 8, 1, 0, NULL, '2024-03-14 11:50:41', '2024-03-14 11:50:41'),
(2, 8, 1, 0, NULL, '2024-03-14 12:00:38', '2024-03-14 12:00:38');

-- --------------------------------------------------------

--
-- Table structure for table `question_times`
--

CREATE TABLE `question_times` (
  `id` bigint(20) UNSIGNED NOT NULL,
  `user_id` bigint(20) UNSIGNED NOT NULL,
  `q_id` bigint(20) UNSIGNED NOT NULL,
  `time` datetime NOT NULL,
  `created_at` date DEFAULT NULL,
  `updated_at` date DEFAULT NULL
) ENGINE=InnoDB DEFAULT CHARSET=utf8mb4 COLLATE=utf8mb4_general_ci;

--
-- Dumping data for table `question_times`
--

INSERT INTO `question_times` (`id`, `user_id`, `q_id`, `time`, `created_at`, `updated_at`) VALUES
(1, 8, 1, '2024-02-26 09:43:38', '2024-02-26', '2024-02-26'),
(2, 8, 1, '2024-02-29 12:15:18', '2024-02-29', '2024-02-29'),
(3, 8, 18, '2024-02-29 12:16:37', '2024-02-29', '2024-02-29');

-- --------------------------------------------------------

--
-- Table structure for table `quizzes`
--

CREATE TABLE `quizzes` (
  `id` bigint(20) UNSIGNED NOT NULL,
  `title` varchar(255) DEFAULT NULL,
  `description` text DEFAULT NULL,
  `time` varchar(255) DEFAULT NULL,
  `score` int(11) DEFAULT NULL,
  `pass_score` float DEFAULT NULL,
  `quizze_order` int(10) UNSIGNED NOT NULL,
  `lesson_id` bigint(20) UNSIGNED DEFAULT NULL,
  `state` tinyint(1) NOT NULL DEFAULT 0,
  `created_at` date DEFAULT NULL,
  `updated_at` date DEFAULT NULL
) ENGINE=InnoDB DEFAULT CHARSET=utf8 COLLATE=utf8_general_ci;

--
-- Dumping data for table `quizzes`
--

INSERT INTO `quizzes` (`id`, `title`, `description`, `time`, `score`, `pass_score`, `quizze_order`, `lesson_id`, `state`, `created_at`, `updated_at`) VALUES
(6, 'Quizze 2', 'fggggg', '2hours25M', 100, 48, 0, 4, 1, '2024-01-18', '2024-03-17'),
(7, 'sa', 'ad', '1hours1M', 100, 48, 0, 4, 1, '2024-01-18', '2024-01-18'),
(8, 'sa', 'ad', '1hours1M', 100, 48, 0, 4, 1, '2024-01-18', '2024-01-18'),
(9, 'sa', 'ad', '1hours1M', 100, 48, 0, NULL, 1, '2024-01-18', '2024-01-18'),
(10, 'sad99', 'tyh', '1Hours 1 M', 100, 48, 0, 4, 1, '2024-01-18', '2024-02-03'),
(11, 'sa', 'ad', '1hours1M', 100, 48, 0, NULL, 1, '2024-01-18', '2024-01-18'),
(12, 'sa', 'ad', '1hours1M', 100, 48, 0, 4, 1, '2024-01-18', '2024-01-18'),
(13, 'dfe', 'edfw', '1hours1M', 100, 48, 0, 4, 0, '2024-01-18', '2024-01-18'),
(14, 'da', NULL, '3hours3M', 1, 8, 0, 4, 0, '2024-01-20', '2024-01-20'),
(15, NULL, NULL, 'hoursM', NULL, NULL, 0, NULL, 0, '2024-01-24', '2024-01-24'),
(18, 'adfw22', 'asd', '1Hours 1 M', 100, 22, 0, 4, 0, '2024-01-30', '2024-03-04'),
(19, 'sad', 'ds', '1hours1M', 100, 48, 0, 4, 0, '2024-01-30', '2024-01-30'),
(20, 'ffffff', 'ffff', '1hours1M', 100, 48, 0, 4, 0, '2024-01-31', '2024-01-31'),
(21, NULL, NULL, 'hoursM', NULL, NULL, 0, NULL, 0, '2024-02-12', '2024-02-12'),
(22, 'lala', 'sfggdf', '1hours1M', 100, 8, 4, 4, 1, '2024-02-14', '2024-02-14'),
(23, 'lala', 'df', '1hours1M', 100, 48, 5, 4, 1, '2024-02-14', '2024-02-14'),
(24, 'lala', 'df', '1hours1M', 100, 48, 5, 4, 1, '2024-02-14', '2024-02-14'),
(25, 'lala', 'df', '1hours1M', 100, 48, 5, 4, 1, '2024-02-14', '2024-02-14'),
(26, 'lala', 'df', '1hours1M', 100, 48, 5, 4, 1, '2024-02-14', '2024-02-14');

-- --------------------------------------------------------

--
-- Table structure for table `quizze_stu_ans`
--

CREATE TABLE `quizze_stu_ans` (
  `id` bigint(20) UNSIGNED NOT NULL,
  `question_id` bigint(20) UNSIGNED NOT NULL,
  `quizze_id` bigint(20) UNSIGNED NOT NULL,
  `stu_id` bigint(20) UNSIGNED NOT NULL,
  `answer` varchar(255) NOT NULL,
  `created_at` date DEFAULT NULL,
  `updated_at` date DEFAULT NULL
) ENGINE=InnoDB DEFAULT CHARSET=utf8mb4 COLLATE=utf8mb4_general_ci;

--
-- Dumping data for table `quizze_stu_ans`
--

INSERT INTO `quizze_stu_ans` (`id`, `question_id`, `quizze_id`, `stu_id`, `answer`, `created_at`, `updated_at`) VALUES
(1, 18, 12, 8, 'answer 1', '2024-02-10', '2024-02-10'),
(2, 1, 12, 8, '2', '2024-02-10', '2024-02-10'),
(3, 18, 12, 8, 'answer 1', '2024-02-10', '2024-02-10'),
(4, 1, 12, 8, '2', '2024-02-10', '2024-02-10'),
(5, 18, 12, 8, 'answer 1', '2024-02-10', '2024-02-10'),
(6, 1, 12, 8, '2', '2024-02-10', '2024-02-10');

-- --------------------------------------------------------

--
-- Table structure for table `q_ans`
--

CREATE TABLE `q_ans` (
  `id` bigint(20) UNSIGNED NOT NULL,
  `ans_pdf` varchar(255) DEFAULT NULL,
  `ans_video` varchar(255) DEFAULT NULL,
  `Q_id` bigint(20) UNSIGNED NOT NULL,
  `created_at` date DEFAULT NULL,
  `updated_at` date DEFAULT NULL
) ENGINE=InnoDB DEFAULT CHARSET=utf8 COLLATE=utf8_general_ci;

--
-- Dumping data for table `q_ans`
--

INSERT INTO `q_ans` (`id`, `ans_pdf`, `ans_video`, `Q_id`, `created_at`, `updated_at`) VALUES
(1, '2023X12X24X11X56X40202301111020C5631746XA3DDX43F6XA634X158716ABFA8B.bmp', 'https://www.youtube.com/embed/zoPyeFrnX3k?si=CpLpiNS2wNDvuGH1', 1, '2023-12-24', '2023-12-24'),
(2, '2023X12X24X11X56X40202301111011mvf_light_logo.png', 'https://www.youtube.com/embed/zoPyeFrnX3k?si=CpLpiNS2wNDvuGH1', 8, '2023-12-24', '2023-12-24'),
(3, '2023X12X24X11X56X40202301111020C5631746XA3DDX43F6XA634X158716ABFA8B.jpeg', 'https://www.youtube.com/embed/zoPyeFrnX3k?si=CpLpiNS2wNDvuGH1', 8, '2023-12-24', '2023-12-24'),
(4, '2023X12X24X11X58X17202301101901SnapchatX2011979818.jpg', 'https://www.youtube.com/embed/zoPyeFrnX3k?si=CpLpiNS2wNDvuGH1', 9, '2023-12-24', '2023-12-24'),
(5, '2023X12X24X11X58X17202301100931mvf_light_logo.png', 'https://www.youtube.com/embed/zoPyeFrnX3k?si=CpLpiNS2wNDvuGH1', 9, '2023-12-24', '2023-12-24'),
(6, '2023X12X25X14X16X59202301111020C5631746XA3DDX43F6XA634X158716ABFA8B.jpeg', 'https://www.youtube.com/embed/zoPyeFrnX3k?si=CpLpiNS2wNDvuGH1', 10, '2023-12-25', '2023-12-25'),
(7, '2023X12X25X14X18X43202301111011mvf_light_logo.png', 'https://www.youtube.com/embed/zoPyeFrnX3k?si=CpLpiNS2wNDvuGH1', 11, '2023-12-25', '2023-12-25'),
(8, '2023X12X26X11X07X34202301100934C5631746XA3DDX43F6XA634X158716ABFA8B.jpeg', 'https://www.youtube.com/embed/zoPyeFrnX3k?si=CpLpiNS2wNDvuGH1', 14, '2023-12-26', '2023-12-26'),
(9, '2023X12X26X11X10X38202301100934C5631746XA3DDX43F6XA634X158716ABFA8B.jpeg', 'https://www.youtube.com/embed/zoPyeFrnX3k?si=CpLpiNS2wNDvuGH1', 16, '2023-12-26', '2023-12-26'),
(10, '2024X01X24X09X46X176.jpg', '2024X01X24X09X46X17', 20, '2024-01-24', '2024-01-24'),
(11, '2024X01X24X11X10X516.jpg', '2024X01X24X11X10X516.jpg', 21, '2024-01-24', '2024-01-24'),
(12, '2024X01X29X08X53X504.png', '2024X01X29X08X53X505.png', 18, '2024-01-29', '2024-01-29'),
(13, '2024X02X03X11X43X2412.jpg', '2024X02X03X11X43X2412.jpg', 18, '2024-02-03', '2024-02-03'),
(14, '2024X02X03X11X44X3110.jpg', '2024X02X03X11X44X3110.jpg', 18, '2024-02-03', '2024-02-03'),
(15, '2024X02X03X11X46X449.jpg', '2024X02X03X11X46X449.jpg', 18, '2024-02-03', '2024-02-03');

-- --------------------------------------------------------

--
-- Table structure for table `q_quizes`
--

CREATE TABLE `q_quizes` (
  `id` bigint(20) UNSIGNED NOT NULL,
  `quizze_id` bigint(20) UNSIGNED NOT NULL,
  `question_id` bigint(20) UNSIGNED NOT NULL,
  `created_at` date DEFAULT NULL,
  `updated_at` date DEFAULT NULL
) ENGINE=InnoDB DEFAULT CHARSET=utf8 COLLATE=utf8_general_ci;

--
-- Dumping data for table `q_quizes`
--

INSERT INTO `q_quizes` (`id`, `quizze_id`, `question_id`, `created_at`, `updated_at`) VALUES
(7, 12, 18, '2024-01-18', '2024-01-18'),
(8, 12, 18, '2024-01-18', '2024-01-18'),
(11, 12, 18, '2024-01-20', '2024-01-20'),
(49, 18, 18, '2024-01-30', '2024-01-30'),
(51, 19, 18, '2024-01-30', '2024-01-30'),
(52, 19, 19, '2024-01-30', '2024-01-30'),
(55, 20, 18, '2024-01-31', '2024-01-31'),
(56, 12, 19, '2024-01-31', '2024-01-31'),
(57, 12, 20, '2024-01-31', '2024-01-31'),
(60, 12, 1, '2024-01-31', '2024-01-31'),
(62, 14, 21, '2024-01-31', '2024-01-31'),
(63, 14, 19, '2024-01-31', '2024-01-31'),
(64, 14, 18, '2024-01-31', '2024-01-31');

-- --------------------------------------------------------

--
-- Table structure for table `roles`
--

CREATE TABLE `roles` (
  `id` bigint(20) UNSIGNED NOT NULL,
  `name` varchar(191) NOT NULL,
  `guard_name` varchar(191) NOT NULL,
  `created_at` timestamp NULL DEFAULT NULL,
  `updated_at` timestamp NULL DEFAULT NULL
) ENGINE=InnoDB DEFAULT CHARSET=utf8mb4 COLLATE=utf8mb4_unicode_ci;

-- --------------------------------------------------------

--
-- Table structure for table `role_has_permissions`
--

CREATE TABLE `role_has_permissions` (
  `permission_id` bigint(20) UNSIGNED NOT NULL,
  `role_id` bigint(20) UNSIGNED NOT NULL
) ENGINE=InnoDB DEFAULT CHARSET=utf8mb4 COLLATE=utf8mb4_unicode_ci;

-- --------------------------------------------------------

--
-- Table structure for table `score_list`
--

CREATE TABLE `score_list` (
  `id` bigint(20) UNSIGNED NOT NULL,
  `score_id` bigint(20) UNSIGNED NOT NULL,
  `question_num` int(11) NOT NULL,
  `score` float NOT NULL,
  `updated_at` date DEFAULT NULL,
  `created_at` date DEFAULT NULL
) ENGINE=InnoDB DEFAULT CHARSET=utf8mb4 COLLATE=utf8mb4_general_ci;

--
-- Dumping data for table `score_list`
--

INSERT INTO `score_list` (`id`, `score_id`, `question_num`, `score`, `updated_at`, `created_at`) VALUES
(2, 4, 1, 2, '2024-02-18', '2024-02-18'),
(3, 4, 2, 3, '2024-02-18', '2024-02-18'),
(4, 4, 3, 4, '2024-02-18', '2024-02-18'),
(5, 4, 4, 5, '2024-02-18', '2024-02-18'),
(6, 4, 5, 5, '2024-02-18', '2024-02-18'),
(7, 4, 6, 6, '2024-02-18', '2024-02-18'),
(8, 4, 7, 8, '2024-02-18', '2024-02-18'),
(9, 4, 8, 8, '2024-02-18', '2024-02-18'),
(10, 4, 9, 8, '2024-02-18', '2024-02-18'),
(11, 4, 10, 9, '2024-02-18', '2024-02-18'),
(12, 4, 11, 11, '2024-02-18', '2024-02-18'),
(13, 4, 12, 21, '2024-02-18', '2024-02-18'),
(14, 4, 13, 21, '2024-02-18', '2024-02-18'),
(15, 4, 14, 21, '2024-02-18', '2024-02-18'),
(16, 4, 15, 12, '2024-02-18', '2024-02-18'),
(17, 4, 16, 12, '2024-02-18', '2024-02-18'),
(18, 4, 17, 32, '2024-02-18', '2024-02-18'),
(19, 4, 18, 32, '2024-02-18', '2024-02-18'),
(20, 4, 19, 32, '2024-02-18', '2024-02-18'),
(21, 4, 20, 23, '2024-02-18', '2024-02-18'),
(22, 4, 21, 32, '2024-02-18', '2024-02-18'),
(23, 4, 22, 23, '2024-02-18', '2024-02-18'),
(24, 4, 23, 23, '2024-02-18', '2024-02-18'),
(25, 4, 24, 43, '2024-02-18', '2024-02-18'),
(26, 4, 25, 34, '2024-02-18', '2024-02-18'),
(27, 4, 26, 45, '2024-02-18', '2024-02-18'),
(28, 4, 27, 45, '2024-02-18', '2024-02-18'),
(29, 4, 28, 45, '2024-02-18', '2024-02-18'),
(30, 4, 29, 45, '2024-02-18', '2024-02-18'),
(31, 4, 30, 45, '2024-02-18', '2024-02-18'),
(32, 4, 31, 45, '2024-02-18', '2024-02-18'),
(33, 4, 32, 54, '2024-02-18', '2024-02-18'),
(34, 4, 33, 45, '2024-02-18', '2024-02-18'),
(35, 4, 34, 45, '2024-02-18', '2024-02-18'),
(36, 4, 35, 54, '2024-02-18', '2024-02-18'),
(37, 4, 36, 56, '2024-02-18', '2024-02-18'),
(38, 4, 37, 56, '2024-02-18', '2024-02-18'),
(39, 4, 38, 65, '2024-02-18', '2024-02-18'),
(40, 4, 39, 76, '2024-02-18', '2024-02-18'),
(41, 4, 40, 76, '2024-02-18', '2024-02-18'),
(42, 4, 41, 76, '2024-02-18', '2024-02-18'),
(43, 4, 42, 76, '2024-02-18', '2024-02-18'),
(44, 4, 43, 78, '2024-02-18', '2024-02-18'),
(45, 4, 44, 78, '2024-02-18', '2024-02-18'),
(46, 4, 45, 100, '2024-02-18', '2024-02-18'),
(47, 5, 1, 2, '2024-02-25', '2024-02-25'),
(48, 5, 2, 5, '2024-02-25', '2024-02-25');

-- --------------------------------------------------------

--
-- Table structure for table `score_sheet`
--

CREATE TABLE `score_sheet` (
  `id` bigint(20) UNSIGNED NOT NULL,
  `name` varchar(255) NOT NULL,
  `course_id` bigint(20) UNSIGNED NOT NULL,
  `score` int(11) NOT NULL,
  `created_at` date NOT NULL,
  `updated_at` date NOT NULL
) ENGINE=InnoDB DEFAULT CHARSET=utf8mb4 COLLATE=utf8mb4_general_ci;

--
-- Dumping data for table `score_sheet`
--

INSERT INTO `score_sheet` (`id`, `name`, `course_id`, `score`, `created_at`, `updated_at`) VALUES
(2, 'vd1', 2, 100, '2024-02-18', '2024-02-18'),
(3, 'vd1', 2, 100, '2024-02-18', '2024-02-18'),
(4, 'vd4', 2, 100, '2024-02-18', '2024-02-18'),
(5, 'asdf', 1, 100, '2024-02-25', '2024-02-25');

-- --------------------------------------------------------

--
-- Table structure for table `sessions`
--

CREATE TABLE `sessions` (
  `id` bigint(20) UNSIGNED NOT NULL,
  `name` varchar(255) NOT NULL,
  `date` date NOT NULL,
  `link` varchar(255) NOT NULL,
  `material_link` varchar(255) DEFAULT NULL,
  `from` time NOT NULL,
  `to` time NOT NULL,
  `duration` int(11) NOT NULL,
  `lesson_id` bigint(20) UNSIGNED NOT NULL,
  `teacher_id` bigint(20) UNSIGNED NOT NULL,
  `group_id` bigint(20) UNSIGNED DEFAULT NULL,
  `type` enum('group','private','session') NOT NULL,
  `price` float DEFAULT NULL,
  `access_dayes` int(11) DEFAULT NULL,
  `repeat` enum('Once','Repeat') NOT NULL,
  `created_at` date DEFAULT NULL,
  `updated_at` date DEFAULT NULL
) ENGINE=InnoDB DEFAULT CHARSET=utf8mb4 COLLATE=utf8mb4_unicode_ci;

--
-- Dumping data for table `sessions`
--

INSERT INTO `sessions` (`id`, `name`, `date`, `link`, `material_link`, `from`, `to`, `duration`, `lesson_id`, `teacher_id`, `group_id`, `type`, `price`, `access_dayes`, `repeat`, `created_at`, `updated_at`) VALUES
(4, 'sa', '2024-03-20', 'https://www.link.com', NULL, '11:12:00', '14:12:00', 11, 4, 1, NULL, 'private', 222, 13, 'Repeat', '2024-01-15', '2024-01-24'),
(6, 'session', '2024-01-10', 'https://www.link.com', NULL, '00:51:00', '00:51:00', 0, 4, 1, NULL, 'private', 22, 13, 'Once', '2024-01-24', '2024-01-24'),
(7, 'sar', '2024-01-10', 'https://www.link.com', NULL, '00:51:00', '00:51:00', 0, 4, 10, NULL, 'session', 22, 13, 'Once', '2024-01-24', '2024-01-27'),
(8, 'dfg', '2024-01-05', 'https://www.link.com', NULL, '10:47:00', '10:48:00', 0, 4, 1, NULL, 'session', 200, 13, 'Once', '2024-01-27', '2024-01-27'),
(9, 'wee', '2024-01-05', 'https://www.link.com', NULL, '10:47:00', '10:48:00', 0, 5, 1, NULL, 'session', 200, 13, 'Repeat', '2024-01-27', '2024-01-27'),
(10, 'ewr', '2024-01-05', 'https://www.link.com', NULL, '10:00:00', '10:01:00', 0, 4, 1, NULL, 'session', 22, 13, 'Once', '2024-01-27', '2024-01-27'),
(11, 'mohamed yasen', '2024-02-01', 'https://www.link.com', 'sdss', '16:06:00', '16:06:00', 0, 4, 1, 1, 'group', NULL, NULL, 'Once', '2024-02-04', '2024-02-04'),
(12, 'admin@gmail.com', '2024-02-06', 'https://www.link.com', 'sdss', '09:31:00', '11:32:00', 0, 4, 1, 1, 'group', NULL, NULL, 'Once', '2024-02-05', '2024-02-05'),
(13, 'vd1', '2024-02-22', 'https://www.link.com', 'sdss', '10:43:00', '10:43:00', 0, 4, 1, 1, 'group', NULL, NULL, 'Once', '2024-02-05', '2024-02-05'),
(14, 'rtr', '2024-02-23', 'https://www.link.com', NULL, '10:53:00', '10:52:00', 0, 4, 1, 1, 'group', NULL, NULL, 'Once', '2024-02-05', '2024-02-05'),
(15, 'rtr', '2024-02-23', 'https://www.link.com', NULL, '10:53:00', '10:52:00', 0, 4, 1, 1, 'group', NULL, NULL, 'Once', '2024-02-05', '2024-02-05'),
(16, 'eee', '2024-03-20', 'https://www.link.com', NULL, '15:00:00', '02:03:00', 11, 4, 10, 3, 'private', NULL, NULL, 'Once', '2024-02-05', '2024-02-25'),
(17, 'sad', '2024-02-02', 'https://www.link.com', 'asdfaf', '13:00:00', '13:00:00', 13, 8, 11, 3, 'private', NULL, NULL, 'Once', '2024-02-25', '2024-03-21');

-- --------------------------------------------------------

--
-- Table structure for table `session_attendance`
--

CREATE TABLE `session_attendance` (
  `id` bigint(20) UNSIGNED NOT NULL,
  `user_id` bigint(20) UNSIGNED NOT NULL,
  `session_id` bigint(20) UNSIGNED NOT NULL,
  `created_at` date DEFAULT NULL,
  `updated_at` date DEFAULT NULL
) ENGINE=InnoDB DEFAULT CHARSET=utf8mb4 COLLATE=utf8mb4_general_ci;

--
-- Dumping data for table `session_attendance`
--

INSERT INTO `session_attendance` (`id`, `user_id`, `session_id`, `created_at`, `updated_at`) VALUES
(1, 8, 16, NULL, NULL),
(3, 8, 17, NULL, NULL);

-- --------------------------------------------------------

--
-- Table structure for table `session_days`
--

CREATE TABLE `session_days` (
  `id` bigint(20) UNSIGNED NOT NULL,
  `session_id` bigint(20) UNSIGNED NOT NULL,
  `day` varchar(255) NOT NULL,
  `times` int(11) DEFAULT NULL,
  `created_at` date NOT NULL,
  `updated_at` date NOT NULL
) ENGINE=InnoDB DEFAULT CHARSET=utf8mb4 COLLATE=utf8mb4_general_ci;

--
-- Dumping data for table `session_days`
--

INSERT INTO `session_days` (`id`, `session_id`, `day`, `times`, `created_at`, `updated_at`) VALUES
(1, 3, 'SaturDay', NULL, '2024-01-14', '2024-01-14'),
(2, 3, 'SunDay', NULL, '2024-01-14', '2024-01-14'),
(3, 3, 'MonDay', NULL, '2024-01-14', '2024-01-14'),
(4, 4, 'SaturDay', 6, '2024-01-15', '2024-01-15'),
(5, 4, 'SunDay', 6, '2024-01-15', '2024-01-15'),
(6, 4, 'MonDay', 6, '2024-01-15', '2024-01-15'),
(7, 5, 'SunDay', NULL, '2024-01-15', '2024-01-15'),
(8, 5, 'MonDay', NULL, '2024-01-15', '2024-01-15'),
(9, 5, 'TuesDay', NULL, '2024-01-15', '2024-01-15'),
(10, 9, 'SaturDay', 2, '2024-01-27', '2024-01-27'),
(11, 9, 'SunDay', 2, '2024-01-27', '2024-01-27');

-- --------------------------------------------------------

--
-- Table structure for table `session_groups`
--

CREATE TABLE `session_groups` (
  `id` bigint(20) UNSIGNED NOT NULL,
  `name` varchar(255) NOT NULL,
  `teacher_id` bigint(20) UNSIGNED NOT NULL,
  `state` tinyint(1) NOT NULL DEFAULT 0,
  `created_at` date DEFAULT NULL,
  `updated_at` date DEFAULT NULL
) ENGINE=InnoDB DEFAULT CHARSET=utf8mb4 COLLATE=utf8mb4_unicode_ci;

--
-- Dumping data for table `session_groups`
--

INSERT INTO `session_groups` (`id`, `name`, `teacher_id`, `state`, `created_at`, `updated_at`) VALUES
(1, 'group1', 1, 1, NULL, '2024-02-13'),
(3, 'admin@gmail.com', 46, 1, '2024-01-14', '2024-01-14'),
(5, 'mohamed yasen', 1, 1, '2024-01-27', '2024-01-27'),
(6, 'admin@gmail.com', 46, 1, '2024-02-04', '2024-02-04');

-- --------------------------------------------------------

--
-- Table structure for table `session_students`
--

CREATE TABLE `session_students` (
  `id` bigint(20) UNSIGNED NOT NULL,
  `session_id` bigint(20) UNSIGNED NOT NULL,
  `user_id` bigint(20) UNSIGNED NOT NULL,
  `created_at` date DEFAULT NULL,
  `updated_at` date DEFAULT NULL
) ENGINE=InnoDB DEFAULT CHARSET=utf8mb4 COLLATE=utf8mb4_general_ci;

--
-- Dumping data for table `session_students`
--

INSERT INTO `session_students` (`id`, `session_id`, `user_id`, `created_at`, `updated_at`) VALUES
(5, 16, 8, '2024-02-25', '2024-02-25');

-- --------------------------------------------------------

--
-- Table structure for table `sliders`
--

CREATE TABLE `sliders` (
  `id` bigint(20) UNSIGNED NOT NULL,
  `slider_img` varchar(255) NOT NULL,
  `created_at` date DEFAULT NULL,
  `updated_at` date DEFAULT NULL
) ENGINE=InnoDB DEFAULT CHARSET=utf8mb4 COLLATE=utf8mb4_general_ci;

--
-- Dumping data for table `sliders`
--

INSERT INTO `sliders` (`id`, `slider_img`, `created_at`, `updated_at`) VALUES
(1, '2942024X03X25X13X19X182024X02X19X07X47X0129202301101725mvf_dark_logo.png', NULL, '2024-03-25'),
(2, '2.png', NULL, NULL),
(3, '3.png', NULL, NULL),
(4, '4.png', NULL, NULL),
(5, '5.png', NULL, NULL),
(6, '6.png', NULL, NULL),
(7, '7.png', NULL, NULL),
(8, '3182024X03X25X13X30X122024X02X19X07X47X0129202301101725mvf_dark_logo.png', '2024-03-25', '2024-03-25');

-- --------------------------------------------------------

--
-- Table structure for table `small_packages`
--

CREATE TABLE `small_packages` (
  `id` bigint(20) UNSIGNED NOT NULL,
  `user_id` bigint(20) UNSIGNED NOT NULL,
  `module` enum('Exam','Question','Live') NOT NULL,
  `number` int(11) NOT NULL,
  `updated_at` date DEFAULT NULL,
  `created_at` date DEFAULT NULL
) ENGINE=InnoDB DEFAULT CHARSET=utf8mb4 COLLATE=utf8mb4_general_ci;

--
-- Dumping data for table `small_packages`
--

INSERT INTO `small_packages` (`id`, `user_id`, `module`, `number`, `updated_at`, `created_at`) VALUES
(1, 8, 'Live', 4, '2024-03-21', '2024-03-21'),
(2, 68, 'Exam', 0, '2024-03-23', '2024-03-23');

-- --------------------------------------------------------

--
-- Table structure for table `student_quizzes`
--

CREATE TABLE `student_quizzes` (
  `id` bigint(20) UNSIGNED NOT NULL,
  `date` date NOT NULL,
  `student_id` bigint(20) UNSIGNED NOT NULL,
  `lesson_id` bigint(20) UNSIGNED NOT NULL,
  `quizze_id` bigint(20) UNSIGNED NOT NULL,
  `score` int(11) NOT NULL,
  `time` varchar(255) NOT NULL,
  `r_questions` int(11) NOT NULL,
  `created_at` date DEFAULT NULL,
  `updated_at` date DEFAULT NULL
) ENGINE=InnoDB DEFAULT CHARSET=utf8mb4 COLLATE=utf8mb4_general_ci;

--
-- Dumping data for table `student_quizzes`
--

INSERT INTO `student_quizzes` (`id`, `date`, `student_id`, `lesson_id`, `quizze_id`, `score`, `time`, `r_questions`, `created_at`, `updated_at`) VALUES
(1, '2024-02-15', 8, 4, 12, 50, '$req->time', 3, '2024-02-15', '2024-02-15'),
(2, '2024-03-02', 8, 4, 12, 0, '0', 0, '2024-03-02', '2024-03-02'),
(3, '2024-03-23', 8, 4, 12, 83, '$req->timer', 5, '2024-03-23', '2024-03-23'),
(4, '2024-03-23', 8, 4, 12, 83, '$req->timer', 5, '2024-03-23', '2024-03-23');

-- --------------------------------------------------------

--
-- Table structure for table `student_quizze_mistakes`
--

CREATE TABLE `student_quizze_mistakes` (
  `id` bigint(20) UNSIGNED NOT NULL,
  `question_id` bigint(20) UNSIGNED NOT NULL,
  `student_quizze_id` bigint(20) UNSIGNED NOT NULL,
  `created_at` date DEFAULT NULL,
  `updated_at` date DEFAULT NULL
) ENGINE=InnoDB DEFAULT CHARSET=utf8mb4 COLLATE=utf8mb4_general_ci;

--
-- Dumping data for table `student_quizze_mistakes`
--

INSERT INTO `student_quizze_mistakes` (`id`, `question_id`, `student_quizze_id`, `created_at`, `updated_at`) VALUES
(1, 1, 3, '2024-02-15', '2024-02-15'),
(2, 1, 4, '2024-02-15', '2024-02-15'),
(3, 1, 5, '2024-02-15', '2024-02-15'),
(4, 1, 6, '2024-02-15', '2024-02-15'),
(5, 1, 7, '2024-02-15', '2024-02-15'),
(6, 1, 8, '2024-02-15', '2024-02-15'),
(7, 1, 9, '2024-02-15', '2024-02-15'),
(8, 1, 10, '2024-02-15', '2024-02-15'),
(9, 1, 11, '2024-02-15', '2024-02-15'),
(10, 1, 12, '2024-02-15', '2024-02-15'),
(11, 1, 13, '2024-02-15', '2024-02-15'),
(12, 1, 14, '2024-02-15', '2024-02-15'),
(13, 1, 15, '2024-02-15', '2024-02-15'),
(14, 1, 16, '2024-02-15', '2024-02-15'),
(15, 1, 17, '2024-02-15', '2024-02-15'),
(16, 1, 18, '2024-02-15', '2024-02-15'),
(17, 1, 19, '2024-02-15', '2024-02-15'),
(18, 1, 20, '2024-02-15', '2024-02-15'),
(19, 1, 21, '2024-02-15', '2024-02-15'),
(20, 1, 22, '2024-02-15', '2024-02-15'),
(21, 1, 23, '2024-02-15', '2024-02-15'),
(22, 1, 24, '2024-02-15', '2024-02-15'),
(23, 1, 25, '2024-02-15', '2024-02-15'),
(24, 1, 26, '2024-02-15', '2024-02-15'),
(25, 1, 27, '2024-02-15', '2024-02-15'),
(26, 1, 28, '2024-02-15', '2024-02-15'),
(27, 1, 29, '2024-02-15', '2024-02-15'),
(28, 1, 30, '2024-02-15', '2024-02-15'),
(29, 1, 31, '2024-02-15', '2024-02-15'),
(30, 1, 32, '2024-02-15', '2024-02-15'),
(31, 1, 33, '2024-02-15', '2024-02-15'),
(32, 1, 34, '2024-02-15', '2024-02-15'),
(33, 18, 35, '2024-02-15', '2024-02-15'),
(34, 1, 35, '2024-02-15', '2024-02-15'),
(35, 18, 36, '2024-02-15', '2024-02-15'),
(36, 1, 36, '2024-02-15', '2024-02-15'),
(37, 18, 37, '2024-02-15', '2024-02-15'),
(38, 1, 37, '2024-02-15', '2024-02-15'),
(39, 18, 38, '2024-02-15', '2024-02-15'),
(40, 1, 38, '2024-02-15', '2024-02-15'),
(41, 1, 1, '2024-02-15', '2024-02-15'),
(42, 18, 2, '2024-03-02', '2024-03-02'),
(43, 18, 2, '2024-03-02', '2024-03-02'),
(44, 18, 2, '2024-03-02', '2024-03-02'),
(45, 19, 2, '2024-03-02', '2024-03-02'),
(46, 20, 2, '2024-03-02', '2024-03-02'),
(47, 1, 2, '2024-03-02', '2024-03-02'),
(48, 1, 3, '2024-03-23', '2024-03-23'),
(49, 1, 4, '2024-03-23', '2024-03-23');

-- --------------------------------------------------------

--
-- Table structure for table `teacher__courses`
--

CREATE TABLE `teacher__courses` (
  `id` int(11) NOT NULL,
  `user_id` bigint(20) UNSIGNED NOT NULL,
  `course_id` bigint(20) UNSIGNED NOT NULL,
  `category_id` bigint(20) UNSIGNED NOT NULL
) ENGINE=InnoDB DEFAULT CHARSET=utf8 COLLATE=utf8_general_ci;

-- --------------------------------------------------------

--
-- Table structure for table `usage_promo`
--

CREATE TABLE `usage_promo` (
  `id` bigint(20) UNSIGNED NOT NULL,
  `user_id` bigint(20) UNSIGNED NOT NULL,
  `promo_id` bigint(20) UNSIGNED NOT NULL,
  `promo` varchar(255) NOT NULL,
  `created_at` date DEFAULT NULL,
  `updated_at` date DEFAULT NULL
) ENGINE=InnoDB DEFAULT CHARSET=utf8mb4 COLLATE=utf8mb4_general_ci;

--
-- Dumping data for table `usage_promo`
--

INSERT INTO `usage_promo` (`id`, `user_id`, `promo_id`, `promo`, `created_at`, `updated_at`) VALUES
(1, 1, 2, '', '2024-01-18', '2024-01-18'),
(2, 5, 2, '', '2024-01-27', '2024-01-27'),
(3, 7, 2, '', '2024-01-27', '2024-01-27'),
(4, 1, 2, '', '2024-01-27', '2024-01-27'),
(5, 5, 2, 'Promo 1', '2024-01-27', '2024-01-27'),
(6, 10, 2, 'Promo 1', '2024-03-12', '2024-03-12'),
(7, 5, 2, 'Promo 1', '2024-03-12', '2024-03-12'),
(8, 5, 2, 'Promo 1', '2024-03-12', '2024-03-12'),
(9, 1, 2, 'Promo 1', '2024-03-12', '2024-03-12'),
(10, 5, 2, 'Promo 1', '2024-03-12', '2024-03-12'),
(11, 5, 2, 'Promo 1', '2024-03-12', '2024-03-12'),
(12, 5, 2, 'Promo 1', '2024-03-12', '2024-03-12'),
(13, 5, 2, 'Promo 1', '2024-03-12', '2024-03-12'),
(14, 7, 2, 'Promo 1', '2024-03-12', '2024-03-12'),
(15, 5, 2, 'Promo 1', '2024-03-12', '2024-03-12'),
(16, 5, 2, 'Promo 1', '2024-03-12', '2024-03-12'),
(17, 1, 2, 'Promo 1', '2024-03-12', '2024-03-12'),
(18, 7, 2, 'Promo 1', '2024-03-12', '2024-03-12'),
(19, 8, 2, 'Promo 1', '2024-03-12', '2024-03-12');

-- --------------------------------------------------------

--
-- Table structure for table `users`
--

CREATE TABLE `users` (
  `id` bigint(20) UNSIGNED NOT NULL,
  `f_name` varchar(255) DEFAULT NULL,
  `l_name` varchar(255) DEFAULT NULL,
  `name` varchar(191) NOT NULL,
  `nick_name` varchar(255) DEFAULT NULL,
  `email` varchar(191) NOT NULL,
  `profile_photo_path` varchar(2048) DEFAULT NULL,
  `email_verified_at` timestamp NULL DEFAULT NULL,
  `phone` varchar(191) NOT NULL,
  `parent_phone` varchar(191) DEFAULT NULL,
  `parent_email` varchar(191) DEFAULT NULL,
  `image` varchar(255) NOT NULL DEFAULT 'default.png',
  `city_id` bigint(20) UNSIGNED DEFAULT NULL,
  `position` enum('user_admin','admin','student','teacher','affilate') NOT NULL,
  `grade` varchar(20) DEFAULT NULL,
  `course_id` bigint(20) UNSIGNED DEFAULT NULL,
  `category_id` bigint(20) UNSIGNED DEFAULT NULL,
  `password` varchar(191) NOT NULL,
  `state` enum('hidden','Show') NOT NULL,
  `avatar` varchar(191) DEFAULT NULL,
  `remember_token` varchar(100) DEFAULT NULL,
  `extra_email` varchar(255) DEFAULT NULL,
  `created_at` timestamp NULL DEFAULT NULL,
  `updated_at` timestamp NULL DEFAULT NULL,
  `last_login_at` datetime DEFAULT NULL,
  `last_login_ip` varchar(191) DEFAULT NULL
) ENGINE=InnoDB DEFAULT CHARSET=utf8mb4 COLLATE=utf8mb4_unicode_ci;

--
-- Dumping data for table `users`
--

INSERT INTO `users` (`id`, `f_name`, `l_name`, `name`, `nick_name`, `email`, `profile_photo_path`, `email_verified_at`, `phone`, `parent_phone`, `parent_email`, `image`, `city_id`, `position`, `grade`, `course_id`, `category_id`, `password`, `state`, `avatar`, `remember_token`, `extra_email`, `created_at`, `updated_at`, `last_login_at`, `last_login_ip`) VALUES
(1, NULL, NULL, 'Ahmed', NULL, 'Ahmed@gmail.com', NULL, NULL, '0113443534', '012345346', 'Ali@gmail.com', '1972024X01X27X10X03X326.jpg', NULL, 'teacher', NULL, 2, 1, '$2y$10$O4pDFFvEQGAkfZ.mcGIhaOb0MQCocleYwEySm4OYgq9./pKT021de', 'Show', NULL, NULL, NULL, NULL, '2024-01-27 08:03:32', NULL, NULL),
(5, NULL, NULL, 'Teacher 1', NULL, 'admin3@gmail.com', NULL, NULL, '01099475854', NULL, NULL, '2023X12X18X11X42X459672202304300850download.png', NULL, '', NULL, NULL, NULL, '$2y$10$abRantqLN7R8dKUzWPGSLebir7D.GcznzfflGYjquM59GZo9f5y3a', 'Show', NULL, NULL, NULL, '2023-12-18 09:42:45', '2023-12-18 09:42:45', NULL, NULL),
(7, NULL, NULL, 'Teacher 1', NULL, 'admin4@gmail.com', NULL, NULL, '01099475854', NULL, NULL, '2023X12X18X11X43X297615202304300850download.png', NULL, '', NULL, NULL, NULL, '$2y$10$CWyZzMn0kdjZKf1f5z0ey.xXzyHVVwkvCFGwakJchI9dwNSyOEyQa', 'Show', NULL, NULL, NULL, '2023-12-18 09:43:29', '2023-12-18 09:43:29', NULL, NULL),
(8, NULL, NULL, 'Teacher 1', 'ad', 'student@gmail.com', NULL, NULL, '0109947345', NULL, NULL, '7452024X02X19X09X11X19202301101725mvf_dark_logo.png', NULL, 'student', NULL, NULL, NULL, '$2y$10$lmzviWeGoBUllS8MgFA0ZuEh/oCkstCoKhVKldEgJKAAoE45WMzgq', 'Show', NULL, NULL, NULL, '2023-12-18 09:44:14', '2024-03-14 09:35:31', NULL, NULL),
(10, NULL, NULL, 'Teacher', NULL, 'teacher@gmail.com', NULL, NULL, '01099475854', NULL, NULL, '2023X12X18X11X50X119775202304090932egyptXflagXwaveXiconX32.png', NULL, 'admin', NULL, NULL, NULL, '$2y$10$EFSKaqvOqy3o.ihNqVWi7uCPCrFtflwUJGqEBFP1woOuxlRaIqN5u', 'Show', NULL, NULL, NULL, '2023-12-18 09:50:11', '2024-01-27 08:02:15', NULL, NULL),
(11, NULL, NULL, 'Teacher12', NULL, 'teacher2@gmail.com', NULL, NULL, '01099475854', NULL, NULL, '2023X12X18X11X52X277966202304090932egyptXflagXwaveXiconX32.png', NULL, 'teacher', NULL, 1, 1, '$2y$10$Y4fg1B5EpujC8OVSCO6fNOyxdAj2lPJDZWibbtD8j55Jik6fU4Uq6', 'Show', NULL, NULL, NULL, '2023-12-18 09:52:27', '2024-02-05 10:45:46', NULL, NULL),
(44, NULL, NULL, 'admin@gmail.com', NULL, 'sad@gmail.com', NULL, NULL, '123', '123', NULL, 'default.png', NULL, 'admin', NULL, NULL, NULL, '$2y$10$RkeDuqhtAqMTRC7gfMFxG.Vl8pLtWGgj1jisi0ZkphX9LDVUQaZpO', 'Show', NULL, NULL, NULL, '2023-12-31 06:31:28', '2024-02-05 10:15:37', NULL, NULL),
(46, NULL, NULL, 'asd12', NULL, 'asd12@gmail.com', NULL, NULL, '123', '123', NULL, 'default.png', NULL, 'student', '1', NULL, NULL, '$2y$10$o4wXrnMK7wU81NWLWO7WxOGObzZJqjweO7VW.dwgaig1EU84HXLgm', 'hidden', NULL, NULL, NULL, '2023-12-31 06:33:52', '2024-02-28 10:53:54', NULL, NULL),
(57, NULL, NULL, 'ahmed1', NULL, 'ahmedyahia@yahoo.com', NULL, NULL, '123456789', NULL, NULL, 'default.png', NULL, 'admin', NULL, NULL, NULL, '$2y$10$4CuUgVeM.E8K16Tbs5ZdJ.5SvzhdLRr08.J4gkehsTsGNl7g43eVu', 'hidden', NULL, NULL, NULL, '2024-01-01 09:54:47', '2024-01-28 05:55:03', NULL, NULL),
(59, 'as', 'as', 'as', NULL, 'admin2312@gmail.com', NULL, NULL, '213', NULL, NULL, 'default.png', NULL, 'student', '1', NULL, NULL, '$2y$10$UT7CEpaDZ6etgdvQDjN5huCPzvCM/xdiLbT02hZIZh.doXV6/SLRS', 'hidden', NULL, NULL, NULL, '2024-01-03 07:52:53', '2024-01-03 07:52:53', NULL, NULL),
(65, NULL, NULL, 'wdwe', NULL, 'admin1234@gmail.com', NULL, NULL, 'ewfwef', NULL, NULL, 'default.png', NULL, 'teacher', NULL, 12, 9, '$2y$10$oK/jrMZawz/dg0fgQBAp2OHA8WpEfHIdGbSJnXZgl4QRbZq5zdVT2', 'hidden', NULL, NULL, NULL, '2024-02-27 10:45:08', '2024-02-27 10:45:08', NULL, NULL),
(66, NULL, NULL, 'xcas', NULL, 'admin332@gmail.com', NULL, NULL, '32423243', '011324567611', 'yasen@gmail.com', 'default.png', NULL, 'admin', NULL, NULL, NULL, '$2y$10$BzpILuoESKJAgcYPg2muY.NLOL0DUrqPpAo7dUBz7c5mZBTJCzCwq', 'hidden', NULL, NULL, NULL, '2024-02-27 10:57:38', '2024-02-27 10:57:38', NULL, NULL),
(67, NULL, NULL, 'adminstration', NULL, 'adminstration@gmail.com', NULL, NULL, '01099475854', NULL, NULL, 'default.png', NULL, 'admin', NULL, NULL, NULL, '$2y$10$iuvcvulm3GeVclL9sZOFP.FaE6J7WeKbBvSyzhZpf9VkoI.sj9bCK', 'hidden', NULL, NULL, NULL, '2024-03-02 09:21:42', '2024-03-02 09:21:42', NULL, NULL),
(68, 'Ahmed', 'Yahia', 'Ahmed_Yahia', NULL, 'admin@gmail.com', NULL, NULL, '0123456789', '0123456789', NULL, 'default.png', NULL, 'admin', NULL, NULL, NULL, '$2y$10$o694AWL8QgiCJQCwxbKTh.ny2Uf1bORwKgy5BHbPL8q396p2lU/xK', '', NULL, NULL, NULL, NULL, NULL, NULL, NULL);

-- --------------------------------------------------------

--
-- Table structure for table `user_packages`
--

CREATE TABLE `user_packages` (
  `id` bigint(20) UNSIGNED NOT NULL,
  `user_id` bigint(20) UNSIGNED NOT NULL,
  `package_id` bigint(20) UNSIGNED NOT NULL,
  `created_at` date DEFAULT NULL,
  `updated_at` date DEFAULT NULL
) ENGINE=InnoDB DEFAULT CHARSET=utf8mb4 COLLATE=utf8mb4_general_ci;

--
-- Dumping data for table `user_packages`
--

INSERT INTO `user_packages` (`id`, `user_id`, `package_id`, `created_at`, `updated_at`) VALUES
(1, 8, 3, '2024-01-16', '2024-02-02');

-- --------------------------------------------------------

--
-- Table structure for table `user_sessions`
--

CREATE TABLE `user_sessions` (
  `id` bigint(20) UNSIGNED NOT NULL,
  `user_id` bigint(20) UNSIGNED NOT NULL,
  `session_id` bigint(20) UNSIGNED NOT NULL,
  `created_at` date DEFAULT NULL,
  `updated_at` date DEFAULT NULL
) ENGINE=InnoDB DEFAULT CHARSET=utf8mb4 COLLATE=utf8mb4_general_ci;

-- --------------------------------------------------------

--
-- Table structure for table `wallets`
--

CREATE TABLE `wallets` (
  `id` bigint(20) UNSIGNED NOT NULL,
  `student_id` bigint(20) UNSIGNED NOT NULL,
  `wallet` int(11) NOT NULL,
  `date` date NOT NULL,
  `image` varchar(255) DEFAULT NULL,
  `state` enum('Pendding','Approve','Rejected') NOT NULL DEFAULT 'Pendding',
  `payment_request_id` bigint(20) UNSIGNED DEFAULT NULL,
  `payment_method_id` bigint(20) UNSIGNED DEFAULT NULL,
  `created_at` date DEFAULT NULL,
  `updated_at` date DEFAULT NULL
) ENGINE=InnoDB DEFAULT CHARSET=utf8 COLLATE=utf8_general_ci;

--
-- Dumping data for table `wallets`
--

INSERT INTO `wallets` (`id`, `student_id`, `wallet`, `date`, `image`, `state`, `payment_request_id`, `payment_method_id`, `created_at`, `updated_at`) VALUES
(1, 8, 1000, '2024-01-28', NULL, 'Approve', NULL, NULL, '2024-01-28', '2024-01-28'),
(2, 8, 4, '2024-01-28', NULL, 'Approve', NULL, NULL, '2024-01-28', '2024-01-28'),
(3, 8, 7, '2024-01-28', NULL, 'Pendding', NULL, NULL, '2024-01-28', '2024-01-28'),
(4, 8, 4, '2024-01-28', NULL, 'Pendding', NULL, NULL, '2024-01-28', '2024-01-28'),
(5, 8, 2, '2024-01-28', NULL, 'Pendding', NULL, NULL, '2024-01-28', '2024-01-28'),
(6, 59, 2, '2024-01-28', NULL, 'Pendding', NULL, NULL, '2024-01-28', '2024-01-28'),
(7, 8, 11, '2024-03-07', NULL, 'Pendding', NULL, NULL, '2024-03-07', '2024-03-07'),
(8, 8, 11, '2024-03-07', NULL, 'Pendding', NULL, NULL, '2024-03-07', '2024-03-07'),
(9, 8, 5, '2024-03-07', '4242024X03X07X09X29X372024X02X19X07X47X0129202301101725mvf_dark_logo.png', 'Pendding', NULL, NULL, '2024-03-07', '2024-03-07'),
(10, 8, -57, '2024-03-07', NULL, 'Pendding', NULL, NULL, '2024-03-07', '2024-03-07'),
(11, 8, -57, '2024-03-07', NULL, 'Pendding', NULL, NULL, '2024-03-07', '2024-03-07'),
(12, 8, -57, '2024-03-07', NULL, 'Pendding', NULL, NULL, '2024-03-07', '2024-03-07'),
(13, 8, -57, '2024-03-07', NULL, 'Pendding', NULL, NULL, '2024-03-07', '2024-03-07'),
(14, 8, -57, '2024-03-07', NULL, 'Pendding', NULL, NULL, '2024-03-07', '2024-03-07'),
(15, 8, -57, '2024-03-07', NULL, 'Pendding', NULL, NULL, '2024-03-07', '2024-03-07'),
(16, 8, -57, '2024-03-07', NULL, 'Pendding', NULL, NULL, '2024-03-07', '2024-03-07'),
(17, 8, -57, '2024-03-07', NULL, 'Pendding', NULL, NULL, '2024-03-07', '2024-03-07'),
(18, 8, -57, '2024-03-07', NULL, 'Pendding', NULL, NULL, '2024-03-07', '2024-03-07'),
(19, 8, -57, '2024-03-07', NULL, 'Pendding', NULL, NULL, '2024-03-07', '2024-03-07'),
(20, 8, -400, '2024-03-07', NULL, 'Pendding', NULL, NULL, '2024-03-07', '2024-03-07'),
(21, 46, 3, '2024-03-07', NULL, 'Pendding', NULL, NULL, '2024-03-07', '2024-03-07'),
(22, 46, 3, '2024-03-07', NULL, '', NULL, NULL, '2024-03-07', '2024-03-07'),
(23, 8, 400, '2024-03-07', NULL, 'Pendding', 74, NULL, '2024-03-07', '2024-03-07'),
(24, 8, 400, '2024-03-07', NULL, 'Approve', 75, NULL, '2024-03-07', '2024-03-07'),
(25, 8, 400, '2024-03-07', NULL, 'Approve', 76, NULL, '2024-03-07', '2024-03-07'),
(26, 8, 400, '2024-03-07', NULL, 'Approve', 77, NULL, '2024-03-07', '2024-03-07'),
(27, 8, 400, '2024-03-07', NULL, 'Approve', 78, NULL, '2024-03-07', '2024-03-07'),
(28, 8, -400, '2024-03-07', NULL, 'Approve', 79, NULL, '2024-03-07', '2024-03-07'),
(29, 8, -400, '2024-03-07', NULL, 'Approve', 80, NULL, '2024-03-07', '2024-03-07'),
(30, 8, -400, '2024-03-07', NULL, 'Approve', 81, NULL, '2024-03-07', '2024-03-07'),
(31, 8, 400, '2024-03-07', NULL, 'Approve', 82, NULL, '2024-03-07', '2024-03-07'),
(32, 8, 400, '2024-03-07', NULL, 'Approve', 83, NULL, '2024-03-07', '2024-03-07'),
(33, 8, 400, '2024-03-07', NULL, 'Approve', 84, NULL, '2024-03-07', '2024-03-07'),
(34, 8, -68, '2024-03-07', NULL, 'Approve', 85, NULL, '2024-03-07', '2024-03-07'),
(35, 8, -68, '2024-03-07', NULL, 'Approve', 86, NULL, '2024-03-07', '2024-03-07'),
(36, 8, -68, '2024-03-07', NULL, 'Approve', 87, NULL, '2024-03-07', '2024-03-07'),
(37, 8, -68, '2024-03-07', NULL, 'Approve', 88, NULL, '2024-03-07', '2024-03-07'),
(38, 8, -60, '2024-03-07', NULL, 'Approve', 90, NULL, '2024-03-07', '2024-03-07'),
(39, 8, -60, '2024-03-07', NULL, 'Approve', 92, NULL, '2024-03-07', '2024-03-07'),
(40, 8, -111, '2024-03-07', NULL, 'Approve', 93, NULL, '2024-03-07', '2024-03-07'),
(41, 8, 18, '2024-03-13', NULL, 'Pendding', NULL, NULL, '2024-03-13', '2024-03-13'),
(42, 8, -111, '2024-03-14', NULL, 'Approve', 94, NULL, '2024-03-14', '2024-03-14'),
(43, 8, -111, '2024-03-14', NULL, 'Approve', 95, NULL, '2024-03-14', '2024-03-14'),
(44, 8, -111, '2024-03-14', NULL, 'Approve', 96, NULL, '2024-03-14', '2024-03-14'),
(45, 8, -111, '2024-03-15', NULL, 'Approve', 97, NULL, '2024-03-15', '2024-03-15'),
(46, 8, -60, '2024-03-15', NULL, 'Approve', 98, NULL, '2024-03-15', '2024-03-15'),
(47, 8, 3, '2024-03-16', '5662024X03X16X07X52X342024X02X19X07X47X0129202301101725mvf_dark_logo.png', 'Pendding', NULL, 7, '2024-03-16', '2024-03-16'),
(48, 8, 1, '2024-03-16', '3882024X03X16X08X07X112024X02X19X07X47X0129202301101725mvf_dark_logo.png', 'Pendding', NULL, 7, '2024-03-16', '2024-03-16'),
(49, 8, -111, '2024-03-16', NULL, 'Approve', 99, NULL, '2024-03-16', '2024-03-16'),
(50, 8, -111, '2024-03-23', NULL, 'Approve', 100, NULL, '2024-03-23', '2024-03-23'),
(51, 8, -111, '2024-03-26', NULL, 'Approve', 101, NULL, '2024-03-26', '2024-03-26'),
(52, 8, -111, '2024-03-26', NULL, 'Approve', 102, NULL, '2024-03-26', '2024-03-26'),
(53, 8, -111, '2024-03-26', NULL, 'Approve', 103, NULL, '2024-03-26', '2024-03-26'),
(54, 8, -111, '2024-03-26', NULL, 'Approve', 104, NULL, '2024-03-26', '2024-03-26'),
(55, 8, -111, '2024-03-26', NULL, 'Approve', 105, NULL, '2024-03-26', '2024-03-26'),
(56, 8, -111, '2024-03-26', NULL, 'Approve', 106, NULL, '2024-03-26', '2024-03-26'),
(57, 8, -60, '2024-03-27', NULL, 'Approve', 107, NULL, '2024-03-27', '2024-03-27'),
(58, 8, -570, '2024-03-27', NULL, 'Approve', 108, NULL, '2024-03-27', '2024-03-27');

--
-- Indexes for dumped tables
--

--
-- Indexes for table `addresses`
--
ALTER TABLE `addresses`
  ADD PRIMARY KEY (`id`);

--
-- Indexes for table `admin_roles`
--
ALTER TABLE `admin_roles`
  ADD PRIMARY KEY (`id`),
  ADD KEY `admin_roles_user_id_foreign` (`user_id`);

--
-- Indexes for table `affilate`
--
ALTER TABLE `affilate`
  ADD PRIMARY KEY (`id`);

--
-- Indexes for table `cancel_session`
--
ALTER TABLE `cancel_session`
  ADD PRIMARY KEY (`id`),
  ADD KEY `FK_Cancel_Session` (`session_id`),
  ADD KEY `FK_Cancel_Student` (`user_id`);

--
-- Indexes for table `categories`
--
ALTER TABLE `categories`
  ADD PRIMARY KEY (`id`),
  ADD KEY `FK_Categories_Teacher` (`teacher_id`);

--
-- Indexes for table `chapters`
--
ALTER TABLE `chapters`
  ADD PRIMARY KEY (`id`),
  ADD KEY `chapters_course_id_foreign` (`course_id`),
  ADD KEY `FK_Chapters_Teacher` (`teacher_id`);

--
-- Indexes for table `chapter_prices`
--
ALTER TABLE `chapter_prices`
  ADD PRIMARY KEY (`id`),
  ADD KEY `FK_Price_Chapter` (`chapter_id`);

--
-- Indexes for table `cities`
--
ALTER TABLE `cities`
  ADD PRIMARY KEY (`id`),
  ADD KEY `FK_City_Country` (`country_id`);

--
-- Indexes for table `commissions`
--
ALTER TABLE `commissions`
  ADD PRIMARY KEY (`id`);

--
-- Indexes for table `confirm_sign`
--
ALTER TABLE `confirm_sign`
  ADD PRIMARY KEY (`id`);

--
-- Indexes for table `contact`
--
ALTER TABLE `contact`
  ADD PRIMARY KEY (`id`);

--
-- Indexes for table `countries`
--
ALTER TABLE `countries`
  ADD PRIMARY KEY (`id`);

--
-- Indexes for table `courses`
--
ALTER TABLE `courses`
  ADD PRIMARY KEY (`id`),
  ADD KEY `courses_category_id_foreign` (`category_id`),
  ADD KEY `FK_Course_Teacher` (`teacher_id`);

--
-- Indexes for table `course_prices`
--
ALTER TABLE `course_prices`
  ADD PRIMARY KEY (`id`),
  ADD KEY `FK_Price_Course` (`course_id`);

--
-- Indexes for table `dai_exam_mistakes`
--
ALTER TABLE `dai_exam_mistakes`
  ADD PRIMARY KEY (`id`),
  ADD KEY `FK_Mistakes_Question` (`question_id`),
  ADD KEY `FK_Mistakes_Exam` (`student_exam_id`);

--
-- Indexes for table `diagnostic_exams`
--
ALTER TABLE `diagnostic_exams`
  ADD PRIMARY KEY (`id`),
  ADD KEY `FK_Dia_Course` (`course_id`),
  ADD KEY `FK_Dia_Score` (`score_id`);

--
-- Indexes for table `diagnostic_exams_history`
--
ALTER TABLE `diagnostic_exams_history`
  ADD PRIMARY KEY (`id`),
  ADD KEY `FK_DiaHistory_User` (`user_id`),
  ADD KEY `FK_DiaHistory_Dia` (`diagnostic_exams_id`);

--
-- Indexes for table `dia_questions`
--
ALTER TABLE `dia_questions`
  ADD PRIMARY KEY (`id`),
  ADD KEY `FK_DiaExam` (`diagnostic_exam_id`),
  ADD KEY `FK_Question` (`question_id`);

--
-- Indexes for table `exam`
--
ALTER TABLE `exam`
  ADD PRIMARY KEY (`id`),
  ADD KEY `FK_Exam_Course` (`course_id`),
  ADD KEY `FK_Exam_Time` (`code_id`),
  ADD KEY `FK_Exam_Score` (`score_id`);

--
-- Indexes for table `exam_codes`
--
ALTER TABLE `exam_codes`
  ADD PRIMARY KEY (`id`);

--
-- Indexes for table `exam_history`
--
ALTER TABLE `exam_history`
  ADD PRIMARY KEY (`id`),
  ADD KEY `FK_EHistory_Exam` (`exam_id`),
  ADD KEY `FK_EHistory_Student` (`user_id`);

--
-- Indexes for table `exam_mistakes`
--
ALTER TABLE `exam_mistakes`
  ADD PRIMARY KEY (`id`),
  ADD KEY `FK_EMistakes_Exam` (`student_exam_id`),
  ADD KEY `FK_EMistakes_Question` (`question_id`);

--
-- Indexes for table `exam_questions`
--
ALTER TABLE `exam_questions`
  ADD PRIMARY KEY (`id`),
  ADD KEY `FK_Exam_Exam` (`exam_id`),
  ADD KEY `FK_Exam_Question` (`question_id`);

--
-- Indexes for table `exam_time`
--
ALTER TABLE `exam_time`
  ADD PRIMARY KEY (`id`),
  ADD KEY `FK_ExamTime_User` (`user_id`),
  ADD KEY `FK_ExamTime_Exam` (`exam_id`);

--
-- Indexes for table `failed_jobs`
--
ALTER TABLE `failed_jobs`
  ADD PRIMARY KEY (`id`),
  ADD UNIQUE KEY `failed_jobs_uuid_unique` (`uuid`);

--
-- Indexes for table `grid_ans`
--
ALTER TABLE `grid_ans`
  ADD PRIMARY KEY (`id`),
  ADD KEY `FK_Grid_Question` (`q_id`);

--
-- Indexes for table `group_days`
--
ALTER TABLE `group_days`
  ADD PRIMARY KEY (`id`),
  ADD KEY `FK_GDays_Group` (`group_id`);

--
-- Indexes for table `group_students`
--
ALTER TABLE `group_students`
  ADD PRIMARY KEY (`id`),
  ADD KEY `FK_GStu_Group` (`group_id`),
  ADD KEY `FK_GStu_Student` (`stu_id`);

--
-- Indexes for table `idea_lessons`
--
ALTER TABLE `idea_lessons`
  ADD PRIMARY KEY (`id`),
  ADD KEY `FK_Idea_Lesson` (`lesson_id`);

--
-- Indexes for table `lessons`
--
ALTER TABLE `lessons`
  ADD PRIMARY KEY (`id`),
  ADD KEY `FK_Lesson_Chapter` (`chapter_id`),
  ADD KEY `FK_Lesson_Teacher` (`teacher_id`);

--
-- Indexes for table `marketings`
--
ALTER TABLE `marketings`
  ADD PRIMARY KEY (`id`),
  ADD KEY `FK_Maketing_Affilate` (`affilate_id`),
  ADD KEY `FK_Maketing_Chapter` (`chapter_id`),
  ADD KEY `FK_Maketing_Course` (`course_id`),
  ADD KEY `FK_Maketing_Student` (`student_id`);

--
-- Indexes for table `mcq_ans`
--
ALTER TABLE `mcq_ans`
  ADD PRIMARY KEY (`id`),
  ADD KEY `FK_MCQ_Q` (`q_id`);

--
-- Indexes for table `migrations`
--
ALTER TABLE `migrations`
  ADD PRIMARY KEY (`id`);

--
-- Indexes for table `model_has_permissions`
--
ALTER TABLE `model_has_permissions`
  ADD PRIMARY KEY (`permission_id`,`model_id`,`model_type`),
  ADD KEY `model_has_permissions_model_id_model_type_index` (`model_id`,`model_type`);

--
-- Indexes for table `model_has_roles`
--
ALTER TABLE `model_has_roles`
  ADD PRIMARY KEY (`role_id`,`model_id`,`model_type`),
  ADD KEY `model_has_roles_model_id_model_type_index` (`model_id`,`model_type`);

--
-- Indexes for table `packages`
--
ALTER TABLE `packages`
  ADD PRIMARY KEY (`id`);

--
-- Indexes for table `password_resets`
--
ALTER TABLE `password_resets`
  ADD KEY `password_resets_email_index` (`email`);

--
-- Indexes for table `payment_method`
--
ALTER TABLE `payment_method`
  ADD PRIMARY KEY (`id`);

--
-- Indexes for table `payment_orders`
--
ALTER TABLE `payment_orders`
  ADD PRIMARY KEY (`id`),
  ADD KEY `FK_Order_Request` (`payment_request_id`),
  ADD KEY `FK_Order_Chapter` (`chapter_id`);

--
-- Indexes for table `payment_package_order`
--
ALTER TABLE `payment_package_order`
  ADD PRIMARY KEY (`id`),
  ADD KEY `FK_Order_Package` (`package_id`),
  ADD KEY `FK_Order_PRequest` (`payment_request_id`);

--
-- Indexes for table `payment_requests`
--
ALTER TABLE `payment_requests`
  ADD PRIMARY KEY (`id`),
  ADD KEY `FK_Pay_Method` (`payment_method_id`),
  ADD KEY `FK_Pay_User` (`user_id`);

--
-- Indexes for table `payouts`
--
ALTER TABLE `payouts`
  ADD PRIMARY KEY (`id`),
  ADD KEY `FK_Payout_Affilate` (`affilate_id`),
  ADD KEY `FK_Payment_Method` (`payment_method`);

--
-- Indexes for table `permissions`
--
ALTER TABLE `permissions`
  ADD PRIMARY KEY (`id`),
  ADD UNIQUE KEY `permissions_name_guard_name_unique` (`name`,`guard_name`);

--
-- Indexes for table `personal_access_tokens`
--
ALTER TABLE `personal_access_tokens`
  ADD PRIMARY KEY (`id`),
  ADD UNIQUE KEY `personal_access_tokens_token_unique` (`token`),
  ADD KEY `personal_access_tokens_tokenable_type_tokenable_id_index` (`tokenable_type`,`tokenable_id`);

--
-- Indexes for table `private_request`
--
ALTER TABLE `private_request`
  ADD PRIMARY KEY (`id`),
  ADD KEY `FK_Private_Teacher` (`teacher_id`),
  ADD KEY `FK_Private_User` (`user_id`);

--
-- Indexes for table `promo_codes`
--
ALTER TABLE `promo_codes`
  ADD PRIMARY KEY (`id`);

--
-- Indexes for table `promo_courses`
--
ALTER TABLE `promo_courses`
  ADD PRIMARY KEY (`id`),
  ADD KEY `FK_Promo` (`promo_id`),
  ADD KEY `FK_Course` (`course_id`);

--
-- Indexes for table `promo_users`
--
ALTER TABLE `promo_users`
  ADD PRIMARY KEY (`id`),
  ADD KEY `FK_Users` (`user_id`),
  ADD KEY `FK_PromoC` (`promo_id`);

--
-- Indexes for table `questions`
--
ALTER TABLE `questions`
  ADD PRIMARY KEY (`id`),
  ADD KEY `FK_Q_Lesson` (`lesson_id`);

--
-- Indexes for table `question_history`
--
ALTER TABLE `question_history`
  ADD PRIMARY KEY (`id`);

--
-- Indexes for table `question_times`
--
ALTER TABLE `question_times`
  ADD PRIMARY KEY (`id`);

--
-- Indexes for table `quizzes`
--
ALTER TABLE `quizzes`
  ADD PRIMARY KEY (`id`),
  ADD KEY `FK_Quizze_Lesson` (`lesson_id`);

--
-- Indexes for table `quizze_stu_ans`
--
ALTER TABLE `quizze_stu_ans`
  ADD PRIMARY KEY (`id`);

--
-- Indexes for table `q_ans`
--
ALTER TABLE `q_ans`
  ADD PRIMARY KEY (`id`);

--
-- Indexes for table `q_quizes`
--
ALTER TABLE `q_quizes`
  ADD PRIMARY KEY (`id`),
  ADD KEY `FK_qq_Quizze` (`quizze_id`),
  ADD KEY `FK_qq_Question` (`question_id`);

--
-- Indexes for table `roles`
--
ALTER TABLE `roles`
  ADD PRIMARY KEY (`id`),
  ADD UNIQUE KEY `roles_name_guard_name_unique` (`name`,`guard_name`);

--
-- Indexes for table `role_has_permissions`
--
ALTER TABLE `role_has_permissions`
  ADD PRIMARY KEY (`permission_id`,`role_id`),
  ADD KEY `role_has_permissions_role_id_foreign` (`role_id`);

--
-- Indexes for table `score_list`
--
ALTER TABLE `score_list`
  ADD PRIMARY KEY (`id`),
  ADD KEY `FK_ScoreList_Score` (`score_id`);

--
-- Indexes for table `score_sheet`
--
ALTER TABLE `score_sheet`
  ADD PRIMARY KEY (`id`),
  ADD KEY `FK_Score_Course` (`course_id`);

--
-- Indexes for table `sessions`
--
ALTER TABLE `sessions`
  ADD PRIMARY KEY (`id`),
  ADD KEY `FK_Session_Lesson` (`lesson_id`),
  ADD KEY `FK_Session_Teacher` (`teacher_id`);

--
-- Indexes for table `session_attendance`
--
ALTER TABLE `session_attendance`
  ADD PRIMARY KEY (`id`),
  ADD KEY `FK_Attendance_User` (`user_id`),
  ADD KEY `FK_Attendance_Session` (`session_id`);

--
-- Indexes for table `session_days`
--
ALTER TABLE `session_days`
  ADD PRIMARY KEY (`id`);

--
-- Indexes for table `session_groups`
--
ALTER TABLE `session_groups`
  ADD PRIMARY KEY (`id`),
  ADD KEY `FK_SessionG_Teacher` (`teacher_id`);

--
-- Indexes for table `session_students`
--
ALTER TABLE `session_students`
  ADD PRIMARY KEY (`id`),
  ADD KEY `FK_Session` (`session_id`),
  ADD KEY `FK_Stu` (`user_id`);

--
-- Indexes for table `sliders`
--
ALTER TABLE `sliders`
  ADD PRIMARY KEY (`id`);

--
-- Indexes for table `small_packages`
--
ALTER TABLE `small_packages`
  ADD PRIMARY KEY (`id`),
  ADD KEY `FK_SmallPackage_User` (`user_id`);

--
-- Indexes for table `student_quizzes`
--
ALTER TABLE `student_quizzes`
  ADD PRIMARY KEY (`id`),
  ADD KEY `FK_Stu_Lesson` (`lesson_id`),
  ADD KEY `FK_Stu_Quizze` (`quizze_id`),
  ADD KEY `FK_Stu_Stu` (`student_id`);

--
-- Indexes for table `student_quizze_mistakes`
--
ALTER TABLE `student_quizze_mistakes`
  ADD PRIMARY KEY (`id`);

--
-- Indexes for table `teacher__courses`
--
ALTER TABLE `teacher__courses`
  ADD PRIMARY KEY (`id`),
  ADD KEY `FK_tc_category` (`category_id`),
  ADD KEY `FK_tc_course` (`course_id`),
  ADD KEY `FK_tc_user` (`user_id`);

--
-- Indexes for table `usage_promo`
--
ALTER TABLE `usage_promo`
  ADD PRIMARY KEY (`id`),
  ADD KEY `FK_Promo_User` (`user_id`),
  ADD KEY `FK_Promo_Promo` (`promo_id`);

--
-- Indexes for table `users`
--
ALTER TABLE `users`
  ADD PRIMARY KEY (`id`),
  ADD UNIQUE KEY `users_email_unique` (`email`),
  ADD KEY `FK_Teacher_Categories` (`category_id`),
  ADD KEY `FK_Teacher_Course` (`course_id`);

--
-- Indexes for table `user_packages`
--
ALTER TABLE `user_packages`
  ADD PRIMARY KEY (`id`),
  ADD KEY `FK_Package_User` (`user_id`),
  ADD KEY `FK_User_Package` (`package_id`);

--
-- Indexes for table `user_sessions`
--
ALTER TABLE `user_sessions`
  ADD PRIMARY KEY (`id`);

--
-- Indexes for table `wallets`
--
ALTER TABLE `wallets`
  ADD PRIMARY KEY (`id`),
  ADD KEY `FK_Wallet_Student` (`student_id`),
  ADD KEY `FK_Wallet_Method` (`payment_method_id`);

--
-- AUTO_INCREMENT for dumped tables
--

--
-- AUTO_INCREMENT for table `addresses`
--
ALTER TABLE `addresses`
  MODIFY `id` bigint(20) UNSIGNED NOT NULL AUTO_INCREMENT;

--
-- AUTO_INCREMENT for table `admin_roles`
--
ALTER TABLE `admin_roles`
  MODIFY `id` bigint(20) UNSIGNED NOT NULL AUTO_INCREMENT, AUTO_INCREMENT=48;

--
-- AUTO_INCREMENT for table `affilate`
--
ALTER TABLE `affilate`
  MODIFY `id` bigint(20) UNSIGNED NOT NULL AUTO_INCREMENT, AUTO_INCREMENT=5;

--
-- AUTO_INCREMENT for table `cancel_session`
--
ALTER TABLE `cancel_session`
  MODIFY `id` bigint(20) UNSIGNED NOT NULL AUTO_INCREMENT, AUTO_INCREMENT=2;

--
-- AUTO_INCREMENT for table `categories`
--
ALTER TABLE `categories`
  MODIFY `id` bigint(20) UNSIGNED NOT NULL AUTO_INCREMENT, AUTO_INCREMENT=10;

--
-- AUTO_INCREMENT for table `chapters`
--
ALTER TABLE `chapters`
  MODIFY `id` bigint(20) UNSIGNED NOT NULL AUTO_INCREMENT, AUTO_INCREMENT=19;

--
-- AUTO_INCREMENT for table `chapter_prices`
--
ALTER TABLE `chapter_prices`
  MODIFY `id` bigint(20) UNSIGNED NOT NULL AUTO_INCREMENT, AUTO_INCREMENT=25;

--
-- AUTO_INCREMENT for table `cities`
--
ALTER TABLE `cities`
  MODIFY `id` bigint(20) UNSIGNED NOT NULL AUTO_INCREMENT;

--
-- AUTO_INCREMENT for table `commissions`
--
ALTER TABLE `commissions`
  MODIFY `id` bigint(20) UNSIGNED NOT NULL AUTO_INCREMENT, AUTO_INCREMENT=6;

--
-- AUTO_INCREMENT for table `confirm_sign`
--
ALTER TABLE `confirm_sign`
  MODIFY `id` bigint(20) UNSIGNED NOT NULL AUTO_INCREMENT, AUTO_INCREMENT=15;

--
-- AUTO_INCREMENT for table `contact`
--
ALTER TABLE `contact`
  MODIFY `id` bigint(20) UNSIGNED NOT NULL AUTO_INCREMENT, AUTO_INCREMENT=2;

--
-- AUTO_INCREMENT for table `countries`
--
ALTER TABLE `countries`
  MODIFY `id` bigint(20) UNSIGNED NOT NULL AUTO_INCREMENT, AUTO_INCREMENT=206;

--
-- AUTO_INCREMENT for table `courses`
--
ALTER TABLE `courses`
  MODIFY `id` bigint(20) UNSIGNED NOT NULL AUTO_INCREMENT, AUTO_INCREMENT=15;

--
-- AUTO_INCREMENT for table `course_prices`
--
ALTER TABLE `course_prices`
  MODIFY `id` bigint(20) UNSIGNED NOT NULL AUTO_INCREMENT, AUTO_INCREMENT=31;

--
-- AUTO_INCREMENT for table `dai_exam_mistakes`
--
ALTER TABLE `dai_exam_mistakes`
  MODIFY `id` bigint(20) UNSIGNED NOT NULL AUTO_INCREMENT, AUTO_INCREMENT=428;

--
-- AUTO_INCREMENT for table `diagnostic_exams`
--
ALTER TABLE `diagnostic_exams`
  MODIFY `id` bigint(20) UNSIGNED NOT NULL AUTO_INCREMENT, AUTO_INCREMENT=20;

--
-- AUTO_INCREMENT for table `diagnostic_exams_history`
--
ALTER TABLE `diagnostic_exams_history`
  MODIFY `id` bigint(20) UNSIGNED NOT NULL AUTO_INCREMENT, AUTO_INCREMENT=49;

--
-- AUTO_INCREMENT for table `dia_questions`
--
ALTER TABLE `dia_questions`
  MODIFY `id` bigint(20) UNSIGNED NOT NULL AUTO_INCREMENT, AUTO_INCREMENT=38;

--
-- AUTO_INCREMENT for table `exam`
--
ALTER TABLE `exam`
  MODIFY `id` bigint(20) UNSIGNED NOT NULL AUTO_INCREMENT, AUTO_INCREMENT=5;

--
-- AUTO_INCREMENT for table `exam_codes`
--
ALTER TABLE `exam_codes`
  MODIFY `id` bigint(20) UNSIGNED NOT NULL AUTO_INCREMENT, AUTO_INCREMENT=3;

--
-- AUTO_INCREMENT for table `exam_history`
--
ALTER TABLE `exam_history`
  MODIFY `id` bigint(20) UNSIGNED NOT NULL AUTO_INCREMENT, AUTO_INCREMENT=11;

--
-- AUTO_INCREMENT for table `exam_mistakes`
--
ALTER TABLE `exam_mistakes`
  MODIFY `id` bigint(20) UNSIGNED NOT NULL AUTO_INCREMENT, AUTO_INCREMENT=79;

--
-- AUTO_INCREMENT for table `exam_questions`
--
ALTER TABLE `exam_questions`
  MODIFY `id` bigint(20) UNSIGNED NOT NULL AUTO_INCREMENT, AUTO_INCREMENT=19;

--
-- AUTO_INCREMENT for table `exam_time`
--
ALTER TABLE `exam_time`
  MODIFY `id` bigint(20) UNSIGNED NOT NULL AUTO_INCREMENT, AUTO_INCREMENT=3;

--
-- AUTO_INCREMENT for table `failed_jobs`
--
ALTER TABLE `failed_jobs`
  MODIFY `id` bigint(20) UNSIGNED NOT NULL AUTO_INCREMENT;

--
-- AUTO_INCREMENT for table `grid_ans`
--
ALTER TABLE `grid_ans`
  MODIFY `id` bigint(20) UNSIGNED NOT NULL AUTO_INCREMENT, AUTO_INCREMENT=5;

--
-- AUTO_INCREMENT for table `group_days`
--
ALTER TABLE `group_days`
  MODIFY `id` bigint(20) UNSIGNED NOT NULL AUTO_INCREMENT, AUTO_INCREMENT=39;

--
-- AUTO_INCREMENT for table `group_students`
--
ALTER TABLE `group_students`
  MODIFY `id` bigint(20) UNSIGNED NOT NULL AUTO_INCREMENT, AUTO_INCREMENT=3;

--
-- AUTO_INCREMENT for table `idea_lessons`
--
ALTER TABLE `idea_lessons`
  MODIFY `id` bigint(20) UNSIGNED NOT NULL AUTO_INCREMENT, AUTO_INCREMENT=36;

--
-- AUTO_INCREMENT for table `lessons`
--
ALTER TABLE `lessons`
  MODIFY `id` bigint(20) UNSIGNED NOT NULL AUTO_INCREMENT, AUTO_INCREMENT=20;

--
-- AUTO_INCREMENT for table `marketings`
--
ALTER TABLE `marketings`
  MODIFY `id` int(11) NOT NULL AUTO_INCREMENT, AUTO_INCREMENT=19;

--
-- AUTO_INCREMENT for table `mcq_ans`
--
ALTER TABLE `mcq_ans`
  MODIFY `id` bigint(20) UNSIGNED NOT NULL AUTO_INCREMENT, AUTO_INCREMENT=96;

--
-- AUTO_INCREMENT for table `migrations`
--
ALTER TABLE `migrations`
  MODIFY `id` int(10) UNSIGNED NOT NULL AUTO_INCREMENT, AUTO_INCREMENT=13;

--
-- AUTO_INCREMENT for table `packages`
--
ALTER TABLE `packages`
  MODIFY `id` bigint(20) UNSIGNED NOT NULL AUTO_INCREMENT, AUTO_INCREMENT=5;

--
-- AUTO_INCREMENT for table `payment_method`
--
ALTER TABLE `payment_method`
  MODIFY `id` bigint(20) UNSIGNED NOT NULL AUTO_INCREMENT, AUTO_INCREMENT=8;

--
-- AUTO_INCREMENT for table `payment_orders`
--
ALTER TABLE `payment_orders`
  MODIFY `id` bigint(20) UNSIGNED NOT NULL AUTO_INCREMENT, AUTO_INCREMENT=75;

--
-- AUTO_INCREMENT for table `payment_package_order`
--
ALTER TABLE `payment_package_order`
  MODIFY `id` bigint(20) UNSIGNED NOT NULL AUTO_INCREMENT, AUTO_INCREMENT=22;

--
-- AUTO_INCREMENT for table `payment_requests`
--
ALTER TABLE `payment_requests`
  MODIFY `id` bigint(20) UNSIGNED NOT NULL AUTO_INCREMENT, AUTO_INCREMENT=109;

--
-- AUTO_INCREMENT for table `payouts`
--
ALTER TABLE `payouts`
  MODIFY `id` bigint(20) UNSIGNED NOT NULL AUTO_INCREMENT, AUTO_INCREMENT=2;

--
-- AUTO_INCREMENT for table `permissions`
--
ALTER TABLE `permissions`
  MODIFY `id` bigint(20) UNSIGNED NOT NULL AUTO_INCREMENT;

--
-- AUTO_INCREMENT for table `personal_access_tokens`
--
ALTER TABLE `personal_access_tokens`
  MODIFY `id` bigint(20) UNSIGNED NOT NULL AUTO_INCREMENT, AUTO_INCREMENT=384;

--
-- AUTO_INCREMENT for table `private_request`
--
ALTER TABLE `private_request`
  MODIFY `id` bigint(20) UNSIGNED NOT NULL AUTO_INCREMENT, AUTO_INCREMENT=2;

--
-- AUTO_INCREMENT for table `promo_codes`
--
ALTER TABLE `promo_codes`
  MODIFY `id` bigint(20) UNSIGNED NOT NULL AUTO_INCREMENT, AUTO_INCREMENT=6;

--
-- AUTO_INCREMENT for table `promo_courses`
--
ALTER TABLE `promo_courses`
  MODIFY `id` bigint(20) UNSIGNED NOT NULL AUTO_INCREMENT, AUTO_INCREMENT=10;

--
-- AUTO_INCREMENT for table `promo_users`
--
ALTER TABLE `promo_users`
  MODIFY `id` bigint(20) UNSIGNED NOT NULL AUTO_INCREMENT, AUTO_INCREMENT=3;

--
-- AUTO_INCREMENT for table `questions`
--
ALTER TABLE `questions`
  MODIFY `id` bigint(20) UNSIGNED NOT NULL AUTO_INCREMENT, AUTO_INCREMENT=25;

--
-- AUTO_INCREMENT for table `question_history`
--
ALTER TABLE `question_history`
  MODIFY `id` bigint(20) UNSIGNED NOT NULL AUTO_INCREMENT, AUTO_INCREMENT=3;

--
-- AUTO_INCREMENT for table `question_times`
--
ALTER TABLE `question_times`
  MODIFY `id` bigint(20) UNSIGNED NOT NULL AUTO_INCREMENT, AUTO_INCREMENT=4;

--
-- AUTO_INCREMENT for table `quizzes`
--
ALTER TABLE `quizzes`
  MODIFY `id` bigint(20) UNSIGNED NOT NULL AUTO_INCREMENT, AUTO_INCREMENT=29;

--
-- AUTO_INCREMENT for table `quizze_stu_ans`
--
ALTER TABLE `quizze_stu_ans`
  MODIFY `id` bigint(20) UNSIGNED NOT NULL AUTO_INCREMENT, AUTO_INCREMENT=7;

--
-- AUTO_INCREMENT for table `q_ans`
--
ALTER TABLE `q_ans`
  MODIFY `id` bigint(20) UNSIGNED NOT NULL AUTO_INCREMENT, AUTO_INCREMENT=16;

--
-- AUTO_INCREMENT for table `q_quizes`
--
ALTER TABLE `q_quizes`
  MODIFY `id` bigint(20) UNSIGNED NOT NULL AUTO_INCREMENT, AUTO_INCREMENT=109;

--
-- AUTO_INCREMENT for table `roles`
--
ALTER TABLE `roles`
  MODIFY `id` bigint(20) UNSIGNED NOT NULL AUTO_INCREMENT;

--
-- AUTO_INCREMENT for table `score_list`
--
ALTER TABLE `score_list`
  MODIFY `id` bigint(20) UNSIGNED NOT NULL AUTO_INCREMENT, AUTO_INCREMENT=49;

--
-- AUTO_INCREMENT for table `score_sheet`
--
ALTER TABLE `score_sheet`
  MODIFY `id` bigint(20) UNSIGNED NOT NULL AUTO_INCREMENT, AUTO_INCREMENT=6;

--
-- AUTO_INCREMENT for table `sessions`
--
ALTER TABLE `sessions`
  MODIFY `id` bigint(20) UNSIGNED NOT NULL AUTO_INCREMENT, AUTO_INCREMENT=18;

--
-- AUTO_INCREMENT for table `session_attendance`
--
ALTER TABLE `session_attendance`
  MODIFY `id` bigint(20) UNSIGNED NOT NULL AUTO_INCREMENT, AUTO_INCREMENT=4;

--
-- AUTO_INCREMENT for table `session_days`
--
ALTER TABLE `session_days`
  MODIFY `id` bigint(20) UNSIGNED NOT NULL AUTO_INCREMENT, AUTO_INCREMENT=12;

--
-- AUTO_INCREMENT for table `session_groups`
--
ALTER TABLE `session_groups`
  MODIFY `id` bigint(20) UNSIGNED NOT NULL AUTO_INCREMENT, AUTO_INCREMENT=7;

--
-- AUTO_INCREMENT for table `session_students`
--
ALTER TABLE `session_students`
  MODIFY `id` bigint(20) UNSIGNED NOT NULL AUTO_INCREMENT, AUTO_INCREMENT=6;

--
-- AUTO_INCREMENT for table `sliders`
--
ALTER TABLE `sliders`
  MODIFY `id` bigint(20) UNSIGNED NOT NULL AUTO_INCREMENT, AUTO_INCREMENT=9;

--
-- AUTO_INCREMENT for table `small_packages`
--
ALTER TABLE `small_packages`
  MODIFY `id` bigint(20) UNSIGNED NOT NULL AUTO_INCREMENT, AUTO_INCREMENT=3;

--
-- AUTO_INCREMENT for table `student_quizzes`
--
ALTER TABLE `student_quizzes`
  MODIFY `id` bigint(20) UNSIGNED NOT NULL AUTO_INCREMENT, AUTO_INCREMENT=5;

--
-- AUTO_INCREMENT for table `student_quizze_mistakes`
--
ALTER TABLE `student_quizze_mistakes`
  MODIFY `id` bigint(20) UNSIGNED NOT NULL AUTO_INCREMENT, AUTO_INCREMENT=50;

--
-- AUTO_INCREMENT for table `teacher__courses`
--
ALTER TABLE `teacher__courses`
  MODIFY `id` int(11) NOT NULL AUTO_INCREMENT;

--
-- AUTO_INCREMENT for table `usage_promo`
--
ALTER TABLE `usage_promo`
  MODIFY `id` bigint(20) UNSIGNED NOT NULL AUTO_INCREMENT, AUTO_INCREMENT=20;

--
-- AUTO_INCREMENT for table `users`
--
ALTER TABLE `users`
  MODIFY `id` bigint(20) UNSIGNED NOT NULL AUTO_INCREMENT, AUTO_INCREMENT=69;

--
-- AUTO_INCREMENT for table `user_packages`
--
ALTER TABLE `user_packages`
  MODIFY `id` bigint(20) UNSIGNED NOT NULL AUTO_INCREMENT, AUTO_INCREMENT=2;

--
-- AUTO_INCREMENT for table `user_sessions`
--
ALTER TABLE `user_sessions`
  MODIFY `id` bigint(20) UNSIGNED NOT NULL AUTO_INCREMENT;

--
-- AUTO_INCREMENT for table `wallets`
--
ALTER TABLE `wallets`
  MODIFY `id` bigint(20) UNSIGNED NOT NULL AUTO_INCREMENT, AUTO_INCREMENT=59;

--
-- Constraints for dumped tables
--

--
-- Constraints for table `admin_roles`
--
ALTER TABLE `admin_roles`
  ADD CONSTRAINT `admin_roles_user_id_foreign` FOREIGN KEY (`user_id`) REFERENCES `users` (`id`) ON DELETE CASCADE ON UPDATE CASCADE;

--
-- Constraints for table `cancel_session`
--
ALTER TABLE `cancel_session`
  ADD CONSTRAINT `FK_Cancel_Session` FOREIGN KEY (`session_id`) REFERENCES `sessions` (`id`) ON DELETE CASCADE ON UPDATE CASCADE,
  ADD CONSTRAINT `FK_Cancel_Student` FOREIGN KEY (`user_id`) REFERENCES `users` (`id`) ON DELETE CASCADE ON UPDATE CASCADE;

--
-- Constraints for table `categories`
--
ALTER TABLE `categories`
  ADD CONSTRAINT `FK_Categories_Teacher` FOREIGN KEY (`teacher_id`) REFERENCES `users` (`id`) ON DELETE CASCADE ON UPDATE CASCADE;

--
-- Constraints for table `chapters`
--
ALTER TABLE `chapters`
  ADD CONSTRAINT `FK_Chapters_Teacher` FOREIGN KEY (`teacher_id`) REFERENCES `users` (`id`) ON DELETE CASCADE ON UPDATE CASCADE,
  ADD CONSTRAINT `chapters_course_id_foreign` FOREIGN KEY (`course_id`) REFERENCES `courses` (`id`) ON DELETE CASCADE ON UPDATE CASCADE;

--
-- Constraints for table `chapter_prices`
--
ALTER TABLE `chapter_prices`
  ADD CONSTRAINT `FK_Price_Chapter` FOREIGN KEY (`chapter_id`) REFERENCES `chapters` (`id`) ON DELETE CASCADE ON UPDATE CASCADE;

--
-- Constraints for table `cities`
--
ALTER TABLE `cities`
  ADD CONSTRAINT `FK_City_Country` FOREIGN KEY (`country_id`) REFERENCES `countries` (`id`) ON DELETE CASCADE ON UPDATE CASCADE;

--
-- Constraints for table `courses`
--
ALTER TABLE `courses`
  ADD CONSTRAINT `FK_Course_Teacher` FOREIGN KEY (`teacher_id`) REFERENCES `users` (`id`) ON DELETE CASCADE ON UPDATE CASCADE,
  ADD CONSTRAINT `courses_category_id_foreign` FOREIGN KEY (`category_id`) REFERENCES `categories` (`id`) ON DELETE CASCADE ON UPDATE CASCADE;

--
-- Constraints for table `course_prices`
--
ALTER TABLE `course_prices`
  ADD CONSTRAINT `FK_Price_Course` FOREIGN KEY (`course_id`) REFERENCES `courses` (`id`) ON DELETE CASCADE ON UPDATE CASCADE;

--
-- Constraints for table `dai_exam_mistakes`
--
ALTER TABLE `dai_exam_mistakes`
  ADD CONSTRAINT `FK_Mistakes_Exam` FOREIGN KEY (`student_exam_id`) REFERENCES `diagnostic_exams_history` (`id`) ON DELETE CASCADE ON UPDATE CASCADE,
  ADD CONSTRAINT `FK_Mistakes_Question` FOREIGN KEY (`question_id`) REFERENCES `questions` (`id`) ON DELETE CASCADE ON UPDATE CASCADE;

--
-- Constraints for table `diagnostic_exams`
--
ALTER TABLE `diagnostic_exams`
  ADD CONSTRAINT `FK_Dia_Course` FOREIGN KEY (`course_id`) REFERENCES `courses` (`id`) ON DELETE CASCADE ON UPDATE CASCADE,
  ADD CONSTRAINT `FK_Dia_Score` FOREIGN KEY (`score_id`) REFERENCES `score_sheet` (`id`) ON DELETE CASCADE ON UPDATE CASCADE;

--
-- Constraints for table `diagnostic_exams_history`
--
ALTER TABLE `diagnostic_exams_history`
  ADD CONSTRAINT `FK_DiaHistory_Dia` FOREIGN KEY (`diagnostic_exams_id`) REFERENCES `diagnostic_exams` (`id`) ON DELETE CASCADE ON UPDATE CASCADE,
  ADD CONSTRAINT `FK_DiaHistory_User` FOREIGN KEY (`user_id`) REFERENCES `users` (`id`) ON DELETE CASCADE ON UPDATE CASCADE;

--
-- Constraints for table `dia_questions`
--
ALTER TABLE `dia_questions`
  ADD CONSTRAINT `FK_DiaExam` FOREIGN KEY (`diagnostic_exam_id`) REFERENCES `diagnostic_exams` (`id`) ON DELETE CASCADE ON UPDATE CASCADE,
  ADD CONSTRAINT `FK_Question` FOREIGN KEY (`question_id`) REFERENCES `questions` (`id`) ON DELETE CASCADE ON UPDATE CASCADE;

--
-- Constraints for table `exam`
--
ALTER TABLE `exam`
  ADD CONSTRAINT `FK_Exam_Course` FOREIGN KEY (`course_id`) REFERENCES `courses` (`id`) ON DELETE CASCADE ON UPDATE CASCADE,
  ADD CONSTRAINT `FK_Exam_Score` FOREIGN KEY (`score_id`) REFERENCES `score_sheet` (`id`) ON DELETE CASCADE ON UPDATE CASCADE,
  ADD CONSTRAINT `FK_Exam_Time` FOREIGN KEY (`code_id`) REFERENCES `exam_codes` (`id`) ON DELETE CASCADE ON UPDATE CASCADE;

--
-- Constraints for table `exam_history`
--
ALTER TABLE `exam_history`
  ADD CONSTRAINT `FK_EHistory_Exam` FOREIGN KEY (`exam_id`) REFERENCES `exam` (`id`) ON DELETE CASCADE ON UPDATE CASCADE,
  ADD CONSTRAINT `FK_EHistory_Student` FOREIGN KEY (`user_id`) REFERENCES `users` (`id`) ON DELETE CASCADE ON UPDATE CASCADE;

--
-- Constraints for table `exam_mistakes`
--
ALTER TABLE `exam_mistakes`
  ADD CONSTRAINT `FK_EMistakes_Exam` FOREIGN KEY (`student_exam_id`) REFERENCES `exam` (`id`) ON DELETE CASCADE ON UPDATE CASCADE,
  ADD CONSTRAINT `FK_EMistakes_Question` FOREIGN KEY (`question_id`) REFERENCES `questions` (`id`) ON DELETE CASCADE ON UPDATE CASCADE;

--
-- Constraints for table `exam_questions`
--
ALTER TABLE `exam_questions`
  ADD CONSTRAINT `FK_Exam_Exam` FOREIGN KEY (`exam_id`) REFERENCES `exam` (`id`) ON DELETE CASCADE ON UPDATE CASCADE,
  ADD CONSTRAINT `FK_Exam_Question` FOREIGN KEY (`question_id`) REFERENCES `questions` (`id`) ON DELETE CASCADE ON UPDATE CASCADE;

--
-- Constraints for table `exam_time`
--
ALTER TABLE `exam_time`
  ADD CONSTRAINT `FK_ExamTime_Exam` FOREIGN KEY (`exam_id`) REFERENCES `exam` (`id`) ON DELETE CASCADE ON UPDATE CASCADE,
  ADD CONSTRAINT `FK_ExamTime_User` FOREIGN KEY (`user_id`) REFERENCES `users` (`id`) ON DELETE CASCADE ON UPDATE CASCADE;

--
-- Constraints for table `grid_ans`
--
ALTER TABLE `grid_ans`
  ADD CONSTRAINT `FK_Grid_Question` FOREIGN KEY (`q_id`) REFERENCES `questions` (`id`) ON DELETE CASCADE ON UPDATE CASCADE;

--
-- Constraints for table `group_days`
--
ALTER TABLE `group_days`
  ADD CONSTRAINT `FK_GDays_Group` FOREIGN KEY (`group_id`) REFERENCES `session_groups` (`id`) ON DELETE CASCADE ON UPDATE CASCADE;

--
-- Constraints for table `group_students`
--
ALTER TABLE `group_students`
  ADD CONSTRAINT `FK_GStu_Group` FOREIGN KEY (`group_id`) REFERENCES `session_groups` (`id`) ON DELETE CASCADE ON UPDATE CASCADE,
  ADD CONSTRAINT `FK_GStu_Student` FOREIGN KEY (`stu_id`) REFERENCES `users` (`id`) ON DELETE CASCADE ON UPDATE CASCADE;

--
-- Constraints for table `idea_lessons`
--
ALTER TABLE `idea_lessons`
  ADD CONSTRAINT `FK_Idea_Lesson` FOREIGN KEY (`lesson_id`) REFERENCES `lessons` (`id`) ON DELETE CASCADE ON UPDATE CASCADE;

--
-- Constraints for table `lessons`
--
ALTER TABLE `lessons`
  ADD CONSTRAINT `FK_Lesson_Chapter` FOREIGN KEY (`chapter_id`) REFERENCES `chapters` (`id`) ON DELETE CASCADE ON UPDATE CASCADE,
  ADD CONSTRAINT `FK_Lesson_Teacher` FOREIGN KEY (`teacher_id`) REFERENCES `users` (`id`) ON DELETE CASCADE ON UPDATE CASCADE;

--
-- Constraints for table `marketings`
--
ALTER TABLE `marketings`
  ADD CONSTRAINT `FK_Maketing_Affilate` FOREIGN KEY (`affilate_id`) REFERENCES `users` (`id`) ON DELETE CASCADE ON UPDATE CASCADE,
  ADD CONSTRAINT `FK_Maketing_Chapter` FOREIGN KEY (`chapter_id`) REFERENCES `chapters` (`id`) ON DELETE CASCADE ON UPDATE CASCADE,
  ADD CONSTRAINT `FK_Maketing_Course` FOREIGN KEY (`course_id`) REFERENCES `courses` (`id`) ON DELETE CASCADE ON UPDATE CASCADE,
  ADD CONSTRAINT `FK_Maketing_Student` FOREIGN KEY (`student_id`) REFERENCES `users` (`id`) ON DELETE CASCADE ON UPDATE CASCADE;

--
-- Constraints for table `mcq_ans`
--
ALTER TABLE `mcq_ans`
  ADD CONSTRAINT `FK_MCQ_Q` FOREIGN KEY (`q_id`) REFERENCES `questions` (`id`) ON DELETE CASCADE ON UPDATE CASCADE;

--
-- Constraints for table `model_has_permissions`
--
ALTER TABLE `model_has_permissions`
  ADD CONSTRAINT `model_has_permissions_permission_id_foreign` FOREIGN KEY (`permission_id`) REFERENCES `permissions` (`id`) ON DELETE CASCADE;

--
-- Constraints for table `model_has_roles`
--
ALTER TABLE `model_has_roles`
  ADD CONSTRAINT `model_has_roles_role_id_foreign` FOREIGN KEY (`role_id`) REFERENCES `roles` (`id`) ON DELETE CASCADE;

--
-- Constraints for table `payment_orders`
--
ALTER TABLE `payment_orders`
  ADD CONSTRAINT `FK_Order_Chapter` FOREIGN KEY (`chapter_id`) REFERENCES `chapters` (`id`) ON DELETE CASCADE ON UPDATE CASCADE,
  ADD CONSTRAINT `FK_Order_Request` FOREIGN KEY (`payment_request_id`) REFERENCES `payment_requests` (`id`) ON DELETE CASCADE ON UPDATE CASCADE;

--
-- Constraints for table `payment_package_order`
--
ALTER TABLE `payment_package_order`
  ADD CONSTRAINT `FK_Order_PRequest` FOREIGN KEY (`payment_request_id`) REFERENCES `payment_requests` (`id`) ON DELETE CASCADE ON UPDATE CASCADE,
  ADD CONSTRAINT `FK_Order_Package` FOREIGN KEY (`package_id`) REFERENCES `packages` (`id`) ON DELETE CASCADE ON UPDATE CASCADE;

--
-- Constraints for table `payment_requests`
--
ALTER TABLE `payment_requests`
  ADD CONSTRAINT `FK_Pay_Method` FOREIGN KEY (`payment_method_id`) REFERENCES `payment_method` (`id`) ON DELETE CASCADE ON UPDATE CASCADE,
  ADD CONSTRAINT `FK_Pay_User` FOREIGN KEY (`user_id`) REFERENCES `users` (`id`) ON DELETE CASCADE ON UPDATE CASCADE;

--
-- Constraints for table `payouts`
--
ALTER TABLE `payouts`
  ADD CONSTRAINT `FK_Payment_Method` FOREIGN KEY (`payment_method`) REFERENCES `payment_method` (`id`) ON DELETE CASCADE ON UPDATE CASCADE,
  ADD CONSTRAINT `FK_Payout_Affilate` FOREIGN KEY (`affilate_id`) REFERENCES `affilate` (`id`) ON DELETE CASCADE ON UPDATE CASCADE;

--
-- Constraints for table `private_request`
--
ALTER TABLE `private_request`
  ADD CONSTRAINT `FK_Private_Teacher` FOREIGN KEY (`teacher_id`) REFERENCES `users` (`id`) ON DELETE CASCADE ON UPDATE CASCADE,
  ADD CONSTRAINT `FK_Private_User` FOREIGN KEY (`user_id`) REFERENCES `users` (`id`) ON DELETE CASCADE ON UPDATE CASCADE;

--
-- Constraints for table `promo_courses`
--
ALTER TABLE `promo_courses`
  ADD CONSTRAINT `FK_Course` FOREIGN KEY (`course_id`) REFERENCES `courses` (`id`) ON DELETE CASCADE ON UPDATE CASCADE,
  ADD CONSTRAINT `FK_Promo` FOREIGN KEY (`promo_id`) REFERENCES `promo_codes` (`id`) ON DELETE CASCADE ON UPDATE CASCADE;

--
-- Constraints for table `promo_users`
--
ALTER TABLE `promo_users`
  ADD CONSTRAINT `FK_PromoC` FOREIGN KEY (`promo_id`) REFERENCES `promo_codes` (`id`) ON DELETE CASCADE ON UPDATE CASCADE,
  ADD CONSTRAINT `FK_Users` FOREIGN KEY (`user_id`) REFERENCES `users` (`id`) ON DELETE CASCADE ON UPDATE CASCADE;

--
-- Constraints for table `questions`
--
ALTER TABLE `questions`
  ADD CONSTRAINT `FK_Q_Lesson` FOREIGN KEY (`lesson_id`) REFERENCES `lessons` (`id`) ON DELETE CASCADE ON UPDATE CASCADE;

--
-- Constraints for table `quizzes`
--
ALTER TABLE `quizzes`
  ADD CONSTRAINT `FK_Quizze_Lesson` FOREIGN KEY (`lesson_id`) REFERENCES `lessons` (`id`) ON DELETE CASCADE ON UPDATE CASCADE;

--
-- Constraints for table `q_quizes`
--
ALTER TABLE `q_quizes`
  ADD CONSTRAINT `FK_qq_Question` FOREIGN KEY (`question_id`) REFERENCES `questions` (`id`) ON DELETE CASCADE ON UPDATE CASCADE,
  ADD CONSTRAINT `FK_qq_Quizze` FOREIGN KEY (`quizze_id`) REFERENCES `quizzes` (`id`) ON DELETE CASCADE ON UPDATE CASCADE;

--
-- Constraints for table `role_has_permissions`
--
ALTER TABLE `role_has_permissions`
  ADD CONSTRAINT `role_has_permissions_permission_id_foreign` FOREIGN KEY (`permission_id`) REFERENCES `permissions` (`id`) ON DELETE CASCADE,
  ADD CONSTRAINT `role_has_permissions_role_id_foreign` FOREIGN KEY (`role_id`) REFERENCES `roles` (`id`) ON DELETE CASCADE;

--
-- Constraints for table `score_list`
--
ALTER TABLE `score_list`
  ADD CONSTRAINT `FK_ScoreList_Score` FOREIGN KEY (`score_id`) REFERENCES `score_sheet` (`id`) ON DELETE CASCADE ON UPDATE CASCADE;

--
-- Constraints for table `score_sheet`
--
ALTER TABLE `score_sheet`
  ADD CONSTRAINT `FK_Score_Course` FOREIGN KEY (`course_id`) REFERENCES `courses` (`id`) ON DELETE CASCADE ON UPDATE CASCADE;

--
-- Constraints for table `sessions`
--
ALTER TABLE `sessions`
  ADD CONSTRAINT `FK_Session_Lesson` FOREIGN KEY (`lesson_id`) REFERENCES `lessons` (`id`) ON DELETE CASCADE ON UPDATE CASCADE,
  ADD CONSTRAINT `FK_Session_Teacher` FOREIGN KEY (`teacher_id`) REFERENCES `users` (`id`) ON DELETE CASCADE ON UPDATE CASCADE;

--
-- Constraints for table `session_attendance`
--
ALTER TABLE `session_attendance`
  ADD CONSTRAINT `FK_Attendance_Session` FOREIGN KEY (`session_id`) REFERENCES `sessions` (`id`) ON DELETE CASCADE ON UPDATE CASCADE,
  ADD CONSTRAINT `FK_Attendance_User` FOREIGN KEY (`user_id`) REFERENCES `users` (`id`) ON DELETE CASCADE ON UPDATE CASCADE;

--
-- Constraints for table `session_groups`
--
ALTER TABLE `session_groups`
  ADD CONSTRAINT `FK_SessionG_Teacher` FOREIGN KEY (`teacher_id`) REFERENCES `users` (`id`) ON DELETE CASCADE ON UPDATE CASCADE;

--
-- Constraints for table `session_students`
--
ALTER TABLE `session_students`
  ADD CONSTRAINT `FK_Session` FOREIGN KEY (`session_id`) REFERENCES `sessions` (`id`) ON DELETE CASCADE ON UPDATE CASCADE,
  ADD CONSTRAINT `FK_Stu` FOREIGN KEY (`user_id`) REFERENCES `users` (`id`) ON DELETE CASCADE ON UPDATE CASCADE;

--
-- Constraints for table `small_packages`
--
ALTER TABLE `small_packages`
  ADD CONSTRAINT `FK_SmallPackage_User` FOREIGN KEY (`user_id`) REFERENCES `users` (`id`) ON DELETE CASCADE ON UPDATE CASCADE;

--
-- Constraints for table `student_quizzes`
--
ALTER TABLE `student_quizzes`
  ADD CONSTRAINT `FK_Stu_Lesson` FOREIGN KEY (`lesson_id`) REFERENCES `lessons` (`id`) ON DELETE CASCADE ON UPDATE CASCADE,
  ADD CONSTRAINT `FK_Stu_Quizze` FOREIGN KEY (`quizze_id`) REFERENCES `quizzes` (`id`) ON DELETE CASCADE ON UPDATE CASCADE,
  ADD CONSTRAINT `FK_Stu_Stu` FOREIGN KEY (`student_id`) REFERENCES `users` (`id`) ON DELETE CASCADE ON UPDATE CASCADE;

--
-- Constraints for table `teacher__courses`
--
ALTER TABLE `teacher__courses`
  ADD CONSTRAINT `FK_tc_category` FOREIGN KEY (`category_id`) REFERENCES `categories` (`id`) ON DELETE CASCADE ON UPDATE CASCADE,
  ADD CONSTRAINT `FK_tc_course` FOREIGN KEY (`course_id`) REFERENCES `courses` (`id`) ON DELETE CASCADE ON UPDATE CASCADE,
  ADD CONSTRAINT `FK_tc_user` FOREIGN KEY (`user_id`) REFERENCES `users` (`id`) ON DELETE CASCADE ON UPDATE CASCADE;

--
-- Constraints for table `usage_promo`
--
ALTER TABLE `usage_promo`
  ADD CONSTRAINT `FK_Promo_Promo` FOREIGN KEY (`promo_id`) REFERENCES `promo_codes` (`id`) ON DELETE CASCADE ON UPDATE CASCADE,
  ADD CONSTRAINT `FK_Promo_User` FOREIGN KEY (`user_id`) REFERENCES `users` (`id`) ON DELETE CASCADE ON UPDATE CASCADE;

--
-- Constraints for table `users`
--
ALTER TABLE `users`
  ADD CONSTRAINT `FK_Teacher_Categories` FOREIGN KEY (`category_id`) REFERENCES `categories` (`id`) ON UPDATE CASCADE,
  ADD CONSTRAINT `FK_Teacher_Course` FOREIGN KEY (`course_id`) REFERENCES `courses` (`id`) ON UPDATE CASCADE;

--
-- Constraints for table `user_packages`
--
ALTER TABLE `user_packages`
  ADD CONSTRAINT `FK_Package_User` FOREIGN KEY (`user_id`) REFERENCES `users` (`id`) ON DELETE CASCADE ON UPDATE CASCADE,
  ADD CONSTRAINT `FK_User_Package` FOREIGN KEY (`package_id`) REFERENCES `packages` (`id`) ON DELETE CASCADE ON UPDATE CASCADE;

--
-- Constraints for table `wallets`
--
ALTER TABLE `wallets`
  ADD CONSTRAINT `FK_Wallet_Method` FOREIGN KEY (`payment_method_id`) REFERENCES `payment_method` (`id`) ON DELETE CASCADE ON UPDATE CASCADE,
  ADD CONSTRAINT `FK_Wallet_Student` FOREIGN KEY (`student_id`) REFERENCES `users` (`id`) ON DELETE CASCADE ON UPDATE CASCADE;
COMMIT;

/*!40101 SET CHARACTER_SET_CLIENT=@OLD_CHARACTER_SET_CLIENT */;
/*!40101 SET CHARACTER_SET_RESULTS=@OLD_CHARACTER_SET_RESULTS */;
/*!40101 SET COLLATION_CONNECTION=@OLD_COLLATION_CONNECTION */;
